  2   0 -4.84165371736E-04 0.0
  2   1 -1.86987635955E-10 1.19528012031E-09
  2   2 2.43914352398E-06 -1.40016683654E-06
  3   0 9.57254173792E-07 0.0
  3   1 2.02998882184E-06 2.48513158716E-07
  3   2 9.04627768605E-07 -6.19025944205E-07
  3   3 7.21072657057E-07 1.41435626958E-06
  4   0 5.39873863789E-07 0.0
  4   1 -5.36321616971E-07 -4.73440265853E-07
  4   2 3.50694105785E-07 6.62671572540E-07
  4   3 9.90771803829E-07 -2.00928369177E-07
  4   4 -1.88560802735E-07 3.08853169333E-07
  5   0 6.85323475630E-08 0.0
  5   1 -6.21012128528E-08 -9.44226127525E-08
  5   2 6.52438297612E-07 -3.23349612668E-07
  5   3 -4.51955406071E-07 -2.14847190624E-07
  5   4 -2.95301647654E-07 4.96658876769E-08
  5   5 1.74971983203E-07 -6.69384278219E-07
  6   0 -1.49957994714E-07 0.0
  6   1 -7.60879384947E-08 2.62890545501E-08
  6   2 4.81732442832E-08 -3.73728201347E-07
  6   3 5.71730990516E-08 9.02694517163E-09
  6   4 -8.62142660109E-08 -4.71408154267E-07
  6   5 -2.67133325490E-07 -5.36488432483E-07
  6   6 9.67616121092E-09 -2.37192006935E-07
  7   0 9.09789371450E-08 0.0
  7   1 2.79872910488E-07 9.54336911867E-08
  7   2 3.29743816488E-07 9.30667596042E-08
  7   3 2.50398657706E-07 -2.17198608738E-07
  7   4 -2.75114355257E-07 -1.23800392323E-07
  7   5 1.93765507243E-09 1.77377719872E-08
  7   6 -3.58856860645E-07 1.51789817739E-07
  7   7 1.09185148045E-09 2.44415707993E-08
  8   0 4.96711667324E-08 0.0
  8   1 2.33422047893E-08 5.90060493411E-08
  8   2 8.02978722615E-08 6.54175425859E-08
  8   3 -1.91877757009E-08 -8.63454445021E-08
  8   4 -2.44600105471E-07 7.00233016934E-08
  8   5 -2.55352403037E-08 8.91462164788E-08
  8   6 -6.57361610961E-08 3.09238461807E-07
  8   7 6.72811580072E-08 7.47440473633E-08
  8   8 -1.24092493016E-07 1.20533165603E-07
  9   0 2.76714300853E-08 0.0
  9   1 1.43387502749E-07 2.16834947618E-08
  9   2 2.22288318564E-08 -3.22196647116E-08
  9   3 -1.60811502143E-07 -7.42287409462E-08
  9   4 -9.00179225336E-09 1.94666779475E-08
  9   5 -1.66165092924E-08 -5.41113191483E-08
  9   6 6.26941938248E-08 2.22903525945E-07
  9   7 -1.18366323475E-07 -9.65152667886E-08
  9   8 1.88436022794E-07 -3.08566220421E-09
  9   9 -4.77475386132E-08 9.66412847714E-08
 10   0 5.26222488569E-08 0.0
 10   1 8.35115775652E-08 -1.31314331796E-07
 10   2 -9.42413882081E-08 -5.15791657390E-08
 10   3 -6.89895048176E-09 -1.53768828694E-07
 10   4 -8.40764549716E-08 -7.92806255331E-08
 10   5 -4.93395938185E-08 -5.05370221897E-08
 10   6 -3.75885236598E-08 -7.95667053872E-08
 10   7 8.11460540925E-09 -3.36629641314E-09
 10   8 4.04927981694E-08 -9.18705975922E-08
 10   9 1.25491334939E-07 -3.76516222392E-08
 10  10 1.00538634409E-07 -2.40148449520E-08
 11   0 -5.09613707522E-08 0.0
 11   1 1.51687209933E-08 -2.68604146166E-08
 11   2 1.86309749878E-08 -9.90693862047E-08
 11   3 -3.09871239854E-08 -1.48131804260E-07
 11   4 -3.89580205051E-08 -6.36666511980E-08
 11   5 3.77848029452E-08 4.94736238169E-08
 11   6 -1.18676592395E-09 3.44769584593E-08
 11   7 4.11565188074E-09 -8.98252808977E-08
 11   8 -5.98410841300E-09 2.43989612237E-08
 11   9 -3.14231072723E-08 4.17731829829E-08
 11  10 -5.21882681927E-08 -1.83364561788E-08
 11  11 4.60344448746E-08 -6.96662308185E-08
 12   0 3.77252636558E-08 0.0
 12   1 -5.40654977836E-08 -4.35675748979E-08
 12   2 1.42979642253E-08 3.20975937619E-08
 12   3 3.93995876403E-08 2.44264863505E-08
 12   4 -6.86908127934E-08 4.15081109011E-09
 12   5 3.09411128730E-08 7.82536279033E-09
 12   6 3.41523275208E-09 3.91765484449E-08
 12   7 -1.86909958587E-08 3.56131849382E-08
 12   8 -2.53769398865E-08 1.69361024629E-08
 12   9 4.22880630662E-08 2.52692598301E-08
 12  10 -6.17619654902E-09 3.08375794212E-08
 12  11 1.12502994122E-08 -6.37946501558E-09
 12  12 -2.49532607390E-09 -1.11780601900E-08
 13   0 4.22982206413E-08 0.0
 13   1 -5.13569699124E-08 3.90510386685E-08
 13   2 5.59217667099E-08 -6.27337565381E-08
 13   3 -2.19360927945E-08 9.74829362237E-08
 13   4 -3.13762599666E-09 -1.19627874492E-08
 13   5 5.90049394905E-08 6.64975958036E-08
 13   6 -3.59038073075E-08 -6.57280613686E-09
 13   7 2.53002147087E-09 -6.21470822331E-09
 13   8 -9.83150822695E-09 -1.04740222825E-08
 13   9 2.47325771791E-08 4.52870369936E-08
 13  10 4.10324653930E-08 -3.68121029480E-08
 13  11 -4.43869677399E-08 -4.76507804288E-09
 13  12 -3.12622200222E-08 8.78405809267E-08
 13  13 -6.12759553199E-08 6.85261488594E-08
 14   0 -2.42786502921E-08 0.0
 14   1 -1.86968616381E-08 2.94747542249E-08
 14   2 -3.67789379502E-08 -5.16779392055E-09
 14   3 3.58875097333E-08 2.04618827833E-08
 14   4 1.83865617792E-09 -2.26780613566E-08
 14   5 2.87344273542E-08 -1.63882249728E-08
 14   6 -1.94810485574E-08 2.47831272781E-09
 14   7 3.75003839415E-08 -4.17291319429E-09
 14   8 -3.50946485865E-08 -1.53515265203E-08
 14   9 3.20284939341E-08 2.88804922064E-08
 14  10 3.90329180008E-08 -1.44308452469E-09
 14  11 1.53970516502E-08 -3.90548173245E-08
 14  12 8.40829163869E-09 -3.11327189117E-08
 14  13 3.22147043964E-08 4.51897224960E-08
 14  14 -5.18980794309E-08 -4.81506636748E-09
 15   0 1.47910068708E-09 0.0
 15   1 1.00817268177E-08 1.09773066324E-08
 15   2 -2.13942673775E-08 -3.08914875777E-08
 15   3 5.21392929041E-08 1.72892926103E-08
 15   4 -4.08150084078E-08 6.50174707794E-09
 15   5 1.24935723108E-08 8.08375563996E-09
 15   6 3.31211643896E-08 -3.68246004304E-08
 15   7 5.96210699259E-08 5.31841171879E-09
 15   8 -3.22428691498E-08 2.21523579587E-08
 15   9 1.28788268085E-08 3.75629820829E-08
 15  10 1.04688722521E-08 1.47222147015E-08
 15  11 -1.11675061934E-09 1.80996198432E-08
 15  12 -3.23962134415E-08 1.55243104746E-08
 15  13 -2.83933019117E-08 -4.22066791103E-09
 15  14 5.19168859330E-09 -2.43752739666E-08
 15  15 -1.90930538322E-08 -4.71139421558E-09
 16   0 -3.15322986722E-09 0.0
 16   1 2.58360856231E-08 3.25447560859E-08
 16   2 -2.33671404512E-08 2.88799363439E-08
 16   3 -3.36019429391E-08 -2.20418988010E-08
 16   4 4.02316284314E-08 4.83837716909E-08
 16   5 -1.29501939245E-08 -3.19458578129E-09
 16   6 1.40239252323E-08 -3.50760208303E-08
 16   7 -7.08412635136E-09 -8.81581561131E-09
 16   8 -2.09018868094E-08 5.00527390530E-09
 16   9 -2.18588720643E-08 -3.95012419994E-08
 16  10 -1.17529900814E-08 1.14211582961E-08
 16  11 1.87574042592E-08 -3.03161919925E-09
 16  12 1.95400194038E-08 6.66983574071E-09
 16  13 1.38196369576E-08 1.02778499508E-09
 16  14 -1.93182168856E-08 -3.86174893776E-08
 16  15 -1.45149060142E-08 -3.27443078739E-08
 16  16 -3.79671710746E-08 3.02155372655E-09
 17   0 1.97605066395E-08 0.0
 17   1 -2.54177575118E-08 -3.06630529689E-08
 17   2 -1.95988656721E-08 6.49265893410E-09
 17   3 5.64123066224E-09 6.78327095529E-09
 17   4 7.07457075637E-09 2.49437600834E-08
 17   5 -1.54987006052E-08 6.60021551851E-09
 17   6 -1.18194012847E-08 -2.89770975177E-08
 17   7 2.42149702381E-08 -4.22222973697E-09
 17   8 3.88442097559E-08 3.58904095943E-09
 17   9 3.81356493231E-09 -2.81466943714E-08
 17  10 -3.88216085542E-09 1.81328176508E-08
 17  11 -1.57356600363E-08 1.06560649404E-08
 17  12 2.88013010655E-08 2.03450136084E-08
 17  13 1.65503425731E-08 2.04667531435E-08
 17  14 -1.41983872649E-08 1.14948025244E-08
 17  15 5.42100361657E-09 5.32610369811E-09
 17  16 -3.01992205043E-08 3.65331918531E-09
 17  17 -3.43086856041E-08 -1.98523455381E-08
 18   0 5.08691038332E-09 0.0
 18   1 7.21098449649E-09 -3.88714473013E-08
 18   2 1.40631771205E-08 1.00093396253E-08
 18   3 -5.07232520873E-09 -4.90865931335E-09
 18   4 5.48759308217E-08 -1.35267117720E-09
 18   5 5.48710485555E-09 2.64338629459E-08
 18   6 1.46570755271E-08 -1.36438019951E-08
 18   7 6.75812328417E-09 6.88577494235E-09
 18   8 3.07619845144E-08 4.17827734107E-09
 18   9 -1.88470601880E-08 3.68302736953E-08
 18  10 5.27535358934E-09 -4.66091535881E-09
 18  11 -7.29628518960E-09 1.95215208020E-09
 18  12 -2.97449412422E-08 -1.64497878395E-08
 18  13 -6.27919717152E-09 -3.48383939938E-08
 18  14 -8.15605336410E-09 -1.28636585027E-08
 18  15 -4.05003412879E-08 -2.02684998021E-08
 18  16 1.04141042028E-08 6.61468817624E-09
 18  17 3.58771586841E-09 4.48065587564E-09
 18  18 3.12351953717E-09 -1.09906032543E-08
 19   0 -3.25780965394E-09 0.0
 19   1 -7.59903885319E-09 1.26835472605E-09
 19   2 3.53541528655E-08 -1.31346303514E-09
 19   3 -9.74103607309E-09 1.50662259043E-09
 19   4 1.57039009057E-08 -7.61677383811E-09
 19   5 1.09629213379E-08 2.83172176438E-08
 19   6 -4.08745178658E-09 1.86219430719E-08
 19   7 4.78275337044E-09 -7.17283455900E-09
 19   8 2.94908364280E-08 -9.93037002883E-09
 19   9 3.07961427159E-09 6.94110477214E-09
 19  10 -3.38415069043E-08 -7.37981767136E-09
 19  11 1.60443652916E-08 9.96673453483E-09
 19  12 -2.47106581581E-09 9.16852310642E-09
 19  13 -7.44717379980E-09 -2.82584466742E-08
 19  14 -4.70502589215E-09 -1.29526697983E-08
 19  15 -1.76580549771E-08 -1.40350990039E-08
 19  16 -2.16950096188E-08 -7.24534721567E-09
 19  17 2.90444936079E-08 -1.53456531070E-08
 19  18 3.48382199593E-08 -9.54146344917E-09
 19  19 -2.57349349430E-09 4.83151822363E-09
 20   0 2.22384610651E-08 0.0
 20   1 5.16303125218E-09 6.69626726966E-09
 20   2 1.98831128238E-08 1.75183843257E-08
 20   3 -3.62601436785E-09 3.79590724141E-08
 20   4 2.42238118652E-09 -2.11057611874E-08
 20   5 -1.07042562564E-08 -7.71860083169E-09
 20   6 1.10474837570E-08 -2.17720365898E-09
 20   7 -2.10090282728E-08 -2.23491503969E-11
 20   8 4.42419185637E-09 1.83035804593E-09
 20   9 1.78846216942E-08 -6.63940865358E-09
 20  10 -3.25394919988E-08 -5.12308873621E-09
 20  11 1.38992707697E-08 -1.87706454942E-08
 20  12 -6.35750600750E-09 1.80260853103E-08
 20  13 2.75222725997E-08 6.90887077588E-09
 20  14 1.15841169405E-08 -1.43176160143E-08
 20  15 -2.60130744291E-08 -7.84379672413E-10
 20  16 -1.24137147118E-08 -2.77500443628E-10
 20  17 4.36909667960E-09 -1.37420446198E-08
 20  18 1.51842883022E-08 -8.08429903142E-10
 20  19 -3.14942002852E-09 1.06505202245E-08
 20  20 4.01448327968E-09 -1.20450644785E-08
 21   0 5.87820252575E-09 0.0
 21   1 -1.61000670141E-08 2.84359400791E-08
 21   2 -6.54460482558E-09 3.78474868508E-09
 21   3 1.95491995260E-08 2.26286963716E-08
 21   4 -5.76604339239E-09 1.94493782631E-08
 21   5 2.58856303016E-09 1.70850368669E-09
 21   6 -1.40168810589E-08 -2.73814826381E-12
 21   7 -8.64357168475E-09 4.42612277119E-09
 21   8 -1.70477278237E-08 1.50711192630E-09
 21   9 1.64489062394E-08 8.30113196365E-09
 21  10 -1.09928976409E-08 -1.46913794684E-09
 21  11 6.99300364214E-09 -3.53590565124E-08
 21  12 -3.19300109594E-09 1.45786917947E-08
 21  13 -1.89854524590E-08 1.40514791436E-08
 21  14 2.03580785674E-08 7.55772462840E-09
 21  15 1.75530220278E-08 1.04533886832E-08
 21  16 7.86969109367E-09 -6.56089715279E-09
 21  17 -6.99484489981E-09 -7.36064901147E-09
 21  18 2.59643291521E-08 -1.11560806130E-08
 21  19 -2.73741636410E-08 1.63958190052E-08
 21  20 -2.68682473584E-08 1.62086057168E-08
 21  21 8.30374873932E-09 -3.75546121742E-09
 22   0 -1.13735124259E-08 0.0
 22   1 1.62309865679E-08 -3.77303475153E-09
 22   2 -2.64090261387E-08 -2.10832402428E-09
 22   3 1.16580016540E-08 1.06764617222E-08
 22   4 -2.70979141451E-09 1.74980820565E-08
 22   5 -1.86452625010E-09 7.44718166476E-10
 22   6 9.64390704406E-09 -6.37316743908E-09
 22   7 1.59715981795E-08 4.39600942993E-09
 22   8 -2.35157426998E-08 4.83673695086E-09
 22   9 8.29435796737E-09 8.73382159986E-09
 22  10 6.00704037701E-09 2.21854121109E-08
 22  11 -4.96078301539E-09 -1.78822672474E-08
 22  12 2.13502315463E-09 -7.96120522503E-09
 22  13 -1.72631843979E-08 1.97026896892E-08
 22  14 1.09297133018E-08 8.25280905301E-09
 22  15 2.58410840629E-08 4.60172998318E-09
 22  16 1.41258558921E-10 -7.18238005300E-09
 22  17 8.89294096846E-09 -1.45618348246E-08
 22  18 1.05047447464E-08 -1.64271275481E-08
 22  19 1.41305509124E-08 -3.84537168599E-09
 22  20 -1.67617655441E-08 1.99561513321E-08
 22  21 -2.50948756455E-08 2.36151346133E-08
 22  22 -9.59596694809E-09 2.49861413883E-09
 23   0 -2.26201075082E-08 0.0
 23   1 1.10870239758E-08 1.61379151530E-08
 23   2 -1.35191027779E-08 -5.01411714852E-09
 23   3 -2.45128011445E-08 -1.60570438998E-08
 23   4 -2.39887874558E-08 7.31536362289E-09
 23   5 7.99636624146E-10 -1.61449741410E-10
 23   6 -1.26082781309E-08 1.61308155632E-08
 23   7 -8.04132133762E-09 -1.11647197494E-09
 23   8 7.53785326469E-09 -3.29679925220E-10
 23   9 2.55053254950E-09 -1.28071525548E-08
 23  10 1.65167929134E-08 -1.85239620853E-09
 23  11 9.42656822725E-09 1.52386181583E-08
 23  12 1.63632625535E-08 -1.24098327824E-08
 23  13 -1.15107832808E-08 -4.84279171627E-09
 23  14 6.75321602206E-09 -1.82899962212E-09
 23  15 1.86898042860E-08 -3.60523754481E-09
 23  16 6.13840121864E-09 1.10362707266E-08
 23  17 -5.53721023910E-09 -1.28459060460E-08
 23  18 8.43361263813E-09 -1.49115921605E-08
 23  19 -5.20848228342E-09 1.07789593943E-08
 23  20 8.60434396837E-09 -5.34641639372E-09
 23  21 1.54578189867E-08 1.15333325358E-08
 23  22 -1.78417206471E-08 4.33092348903E-09
 23  23 2.85393980111E-09 -1.13232945970E-08
 24   0 7.63657386411E-10 0.0
 24   1 -3.14943681427E-09 -1.77191190396E-09
 24   2 1.38595572093E-09 1.71104066400E-08
 24   3 -4.76406913528E-09 -9.42329378125E-09
 24   4 6.05108036341E-09 5.49769910191E-09
 24   5 -7.29479047480E-09 -2.13826490504E-08
 24   6 4.54210367535E-09 1.85596665318E-09
 24   7 -6.14244489298E-09 4.70081667951E-09
 24   8 1.54822444425E-08 -4.34472097787E-09
 24   9 -9.76623425797E-09 -1.62755137620E-08
 24  10 1.08934628974E-08 2.09168783608E-08
 24  11 1.45280775337E-08 1.87398018797E-08
 24  12 1.18970310717E-08 -6.22933098150E-09
 24  13 -2.89676673058E-09 3.13251295024E-09
 24  14 -2.00006558603E-08 -1.87249636821E-09
 24  15 6.10396350698E-09 -1.58957680563E-08
 24  16 8.88750753375E-09 2.96492703352E-09
 24  17 -1.19629964611E-08 -5.82074593955E-09
 24  18 -6.52630641555E-10 -1.01332355837E-08
 24  19 -4.38896550264E-09 -8.14552569977E-09
 24  20 -5.17551981851E-09 8.90354942378E-09
 24  21 6.03436755046E-09 1.40116090741E-08
 24  22 3.93640283055E-09 -4.28327655754E-09
 24  23 -6.14283479550E-09 -8.69267902100E-09
 24  24 1.23903921309E-08 -3.75059286959E-09
 25   0 3.21309208115E-09 0.0
 25   1 6.89649208567E-09 -7.99551829400E-09
 25   2 2.19498139173E-08 9.01370249111E-09
 25   3 -1.17774931587E-08 -1.26719024392E-08
 25   4 9.42543628920E-09 6.84937199311E-10
 25   5 -1.00497487339E-08 -9.22122399670E-10
 25   6 1.66832871654E-08 4.30583576199E-10
 25   7 7.71426681671E-09 -4.11703290425E-09
 25   8 3.15651944150E-09 -7.81960217669E-10
 25   9 -2.99385350515E-08 2.12695473199E-08
 25  10 8.81931818034E-09 -4.18041586166E-09
 25  11 1.23401485680E-09 1.08069128123E-08
 25  12 -7.65146786755E-09 1.17473742860E-08
 25  13 8.32308127158E-09 -1.13072604626E-08
 25  14 -1.97042124794E-08 6.53183488635E-09
 25  15 -4.35732052985E-09 -7.35147227573E-09
 25  16 9.18239548455E-10 -1.28124888592E-08
 25  17 -1.52176535379E-08 -3.21280397924E-09
 25  18 1.21901534245E-09 -1.49040483259E-08
 25  19 7.77589111757E-09 9.92518771941E-09
 25  20 -7.50856670672E-09 -5.62826155305E-10
 25  21 1.07232840680E-08 8.16090174381E-09
 25  22 -1.39902235929E-08 3.58546198324E-09
 25  23 8.40270853655E-09 -1.23338407961E-08
 25  24 4.12447134569E-09 -8.30716465317E-09
 25  25 1.07484366767E-08 4.72369913984E-09
 26   0 5.05833635414E-09 0.0
 26   1 -1.54756177965E-09 -7.70012788871E-09
 26   2 -3.58729876836E-09 1.14484111182E-08
 26   3 1.40505671267E-08 4.30905534294E-09
 26   4 1.90548709216E-08 -1.94161179658E-08
 26   5 1.07190025408E-08 9.08952851813E-09
 26   6 1.13116909406E-08 -9.34393384449E-09
 26   7 -1.56228295600E-09 4.81168302477E-09
 26   8 3.94920146317E-09 1.15340525300E-09
 26   9 -1.20371433638E-08 4.75177058134E-10
 26  10 -1.41246124334E-08 -6.45217247294E-09
 26  11 -5.20385857649E-09 2.12443340407E-09
 26  12 -1.75071176484E-08 2.01974971938E-09
 26  13 -3.35708835245E-11 1.50474091686E-09
 26  14 7.96385051492E-09 7.84704068835E-09
 26  15 -1.32388781089E-08 8.03960091442E-09
 26  16 1.29093226253E-09 -6.11434455706E-09
 26  17 -1.24494157564E-08 7.80774845640E-09
 26  18 -1.30317424459E-08 4.99989162570E-09
 26  19 -2.05807464595E-09 3.54396135438E-09
 26  20 6.55952144018E-09 -1.16878041180E-08
 26  21 -8.70038868454E-09 1.68222257564E-09
 26  22 1.01580452049E-08 7.54358531576E-09
 26  23 1.24105057436E-09 1.08580088935E-08
 26  24 8.58620351967E-09 1.48288510099E-08
 26  25 3.93441578873E-09 -5.97792415806E-10
 26  26 3.93179749568E-10 1.93894997772E-09
 27   0 2.77176322360E-09 0.0
 27   1 2.48982909452E-09 3.77378455357E-09
 27   2 1.45270146453E-09 5.03113268026E-10
 27   3 -3.62306812856E-10 1.08845762500E-08
 27   4 -5.99191537157E-10 9.40517681233E-09
 27   5 1.67690560888E-08 1.38338587209E-08
 27   6 3.64265989803E-09 6.13032807744E-09
 27   7 -1.23459266009E-08 -3.86514075952E-09
 27   8 -6.10407644820E-09 -8.99504471581E-09
 27   9 3.40113157078E-09 1.10992938665E-08
 27  10 -1.33158893187E-08 1.72832279915E-10
 27  11 1.98322808107E-09 -9.69054254426E-09
 27  12 -1.13695413044E-08 1.90072943781E-09
 27  13 -4.97224781272E-09 -4.14521559996E-09
 27  14 1.55033957088E-08 1.18821289690E-08
 27  15 -1.80057326196E-09 1.17636986220E-09
 27  16 2.75729952890E-09 2.78770269194E-09
 27  17 3.79281571763E-09 3.14983101049E-10
 27  18 -2.87144071715E-09 7.44190558718E-09
 27  19 -3.26518614707E-10 -2.93243500455E-09
 27  20 -8.55182561846E-10 3.47617208115E-09
 27  21 4.86877030983E-09 -7.08725283540E-09
 27  22 -5.74332100084E-09 2.90056687384E-09
 27  23 -5.41033470941E-09 -1.10452433655E-08
 27  24 4.16951885933E-10 -1.80038186307E-09
 27  25 1.22815470212E-08 5.62425137285E-09
 27  26 -6.59498075164E-09 -2.22838418639E-09
 27  27 7.60067381059E-09 6.92387418920E-10
 28   0 -9.10376375863E-09 0.0
 28   1 -5.55484993587E-09 7.93300192580E-09
 28   2 -1.51891312110E-08 -7.97957089012E-09
 28   3 2.53182542240E-09 1.11373049392E-08
 28   4 -1.99212752126E-09 1.25054704704E-08
 28   5 1.08871875702E-08 -4.22573826989E-09
 28   6 -5.22194316032E-09 1.32656509709E-08
 28   7 -7.05588863746E-10 5.12740997711E-09
 28   8 -4.23704976329E-09 -3.32584474553E-09
 28   9 1.13842461859E-08 -1.04163010811E-08
 28  10 -9.22867885082E-09 8.17851851593E-09
 28  11 -2.98097342570E-09 -1.45944538949E-09
 28  12 -4.83471863256E-10 9.64951845027E-09
 28  13 1.64993974957E-09 6.63803768689E-09
 28  14 -8.23334828619E-09 -1.26939492243E-08
 28  15 -1.22774798187E-08 -1.97537366262E-09
 28  16 -3.57280690709E-09 -1.35890044766E-08
 28  17 1.33742628184E-08 -4.72374226319E-09
 28  18 5.62532322748E-09 -3.87230727328E-09
 28  19 5.77104709635E-09 2.35011734292E-08
 28  20 -1.15922189521E-09 6.62939940662E-09
 28  21 6.63154344375E-09 6.33201211223E-09
 28  22 -1.94231451662E-09 -7.33725263107E-09
 28  23 6.20158165102E-09 2.61202437682E-09
 28  24 1.11186270621E-08 -1.35606378769E-08
 28  25 7.29495896149E-09 -1.76041477031E-08
 28  26 1.23084992259E-08 3.89251843939E-09
 28  27 -8.11971206724E-09 1.30279228550E-09
 28  28 6.98725878320E-09 6.80526167979E-09
 29   0 -4.97406439473E-09 0.0
 29   1 4.98979084585E-09 -9.82512461189E-09
 29   2 -3.12119754621E-09 -2.63433487676E-09
 29   3 1.82518120454E-09 -1.05769977751E-08
 29   4 -2.42786314995E-08 2.26110758622E-09
 29   5 -6.81103063670E-09 6.01242555817E-09
 29   6 1.19592879211E-08 9.70200695740E-09
 29   7 -5.91100934209E-09 -2.14599788734E-09
 29   8 -1.69467235550E-08 1.11160276839E-08
 29   9 -1.29371161690E-09 1.41793573226E-09
 29  10 1.37184624798E-08 1.79543486167E-09
 29  11 -5.96272885876E-09 6.33350180946E-09
 29  12 -4.56278910357E-10 -5.01222008898E-09
 29  13 -1.09095923049E-09 -2.34179014389E-09
 29  14 -3.23718965114E-09 -4.58306325034E-09
 29  15 -9.57359749406E-09 -6.77546725808E-09
 29  16 1.37450063496E-09 -1.48645266540E-08
 29  17 -1.57662415501E-09 -3.92506699434E-09
 29  18 -3.67597840865E-09 -2.58549575294E-09
 29  19 -6.30046143533E-09 5.86840708296E-09
 29  20 -7.96446331531E-09 5.74239983127E-09
 29  21 -9.87264302860E-09 -5.51700601596E-09
 29  22 1.15574836058E-08 -1.47663300854E-09
 29  23 -1.84576717899E-09 2.63546763516E-09
 29  24 3.42199668119E-10 -2.38230581193E-09
 29  25 5.85864038329E-09 8.68333958543E-09
 29  26 7.87039835357E-09 -6.92232980921E-09
 29  27 -7.98313300841E-09 -1.01903214091E-09
 29  28 9.73355537526E-09 -5.71293958601E-09
 29  29 1.28224843767E-08 -5.01548480482E-09
 30   0 6.02882084759E-09 0.0
 30   1 -5.57556615596E-10 1.24285275602E-09
 30   2 -1.03706447690E-08 -2.61802322444E-09
 30   3 2.14692300603E-09 -1.36464188501E-08
 30   4 -4.55090433473E-10 -3.91117213505E-09
 30   5 -4.36973977446E-09 -5.35558974983E-09
 30   6 3.28451285815E-10 3.17808233981E-09
 30   7 4.04923220309E-09 1.83962458779E-09
 30   8 2.54952865236E-09 4.62058281854E-09
 30   9 -7.32592511128E-09 -9.72778174240E-09
 30  10 4.27609484555E-09 -4.10864961814E-09
 30  11 -1.04043005227E-08 1.07581457651E-08
 30  12 1.71622295302E-08 -1.08456775556E-08
 30  13 1.42173587056E-08 2.96806226352E-09
 30  14 5.11505860834E-09 8.07288811257E-09
 30  15 2.10512146846E-10 -1.04541123836E-09
 30  16 -1.08921920457E-08 4.35254063533E-09
 30  17 -6.14382436271E-09 -6.03140938575E-09
 30  18 -1.11149265090E-08 -7.65521957976E-09
 30  19 -1.29673984330E-08 2.42005669694E-09
 30  20 -4.89261172033E-09 1.27655684422E-08
 30  21 -1.06284737810E-08 -5.97537587412E-09
 30  22 -4.83763240001E-09 -9.37720111156E-09
 30  23 5.74113885430E-09 -1.03756082222E-08
 30  24 -2.35238020789E-09 -2.75909339620E-09
 30  25 3.04426404856E-09 -1.54853389229E-08
 30  26 1.22149787623E-09 1.24069551653E-08
 30  27 -7.95063844863E-09 1.27529431593E-08
 30  28 -5.47120800289E-09 -7.96006293513E-09
 30  29 4.15922954240E-09 1.89489104417E-09
 30  30 2.64794018006E-09 8.12994755178E-09
 31   0 7.33100089318E-09 0.0
 31   1 6.11169376734E-09 -1.60774540844E-08
 31   2 7.49625106123E-09 6.37776322444E-09
 31   3 -8.89920966189E-09 -7.65502944160E-09
 31   4 1.22555580723E-08 -4.94466436575E-09
 31   5 -8.71279064045E-09 3.08325747379E-09
 31   6 -1.68890803585E-09 1.37036215270E-09
 31   7 -2.71996133536E-09 -6.88625121680E-10
 31   8 -7.50260355354E-10 2.28102724239E-09
 31   9 -6.55840403272E-10 5.24179002617E-09
 31  10 3.99161675027E-09 -4.73500202132E-09
 31  11 6.93506892777E-10 2.08668068881E-08
 31  12 5.52875409840E-10 4.52042167068E-09
 31  13 9.40389423562E-09 4.66840785730E-09
 31  14 -7.88650771167E-09 3.51952460147E-09
 31  15 4.29954776132E-09 -2.80870684394E-09
 31  16 -7.19430261173E-09 6.11805049979E-09
 31  17 -2.53821168958E-09 6.83008216722E-09
 31  18 -6.02099321996E-10 -2.04187286905E-09
 31  19 2.89086482301E-09 4.43976791609E-09
 31  20 -1.75732193914E-09 5.64081954558E-09
 31  21 -9.67143669208E-09 7.09357408027E-09
 31  22 -9.05312012520E-09 -1.18308417466E-08
 31  23 8.32234353898E-09 4.51774572555E-09
 31  24 -2.81565064366E-09 -3.34369513768E-09
 31  25 -1.64574268169E-08 -2.20460908971E-09
 31  26 -1.26653070356E-08 1.59189398991E-09
 31  27 -1.34953305827E-09 1.07507650019E-08
 31  28 1.04226918411E-08 2.80722294910E-09
 31  29 -1.58126881030E-09 -2.18247510672E-09
 31  30 -9.47416722001E-10 -7.78077525656E-09
 31  31 -8.59193452715E-09 -1.85200316483E-09
 32   0 -2.33966288032E-09 0.0
 32   1 -1.69210486076E-09 1.27760467976E-09
 32   2 1.13999662663E-08 -3.35609127916E-09
 32   3 -1.44443315400E-10 4.05424830941E-09
 32   4 8.56367829112E-10 -6.75422476107E-09
 32   5 8.60776205333E-09 1.82572279646E-09
 32   6 -1.00402568672E-08 -7.63056176340E-09
 32   7 1.37058613278E-09 2.75465347035E-09
 32   8 1.19653531908E-08 4.91018212548E-09
 32   9 7.33225221300E-09 7.18971591052E-10
 32  10 9.12133506379E-11 -5.70680927495E-09
 32  11 -5.42043742127E-09 7.58360642500E-09
 32  12 -1.70289059214E-08 1.40808168623E-08
 32  13 4.02186822027E-09 5.34936491964E-09
 32  14 -5.44420334437E-09 2.20410694316E-09
 32  15 5.16580208280E-09 -8.74727531741E-09
 32  16 4.14867061294E-09 4.27270420004E-09
 32  17 -6.46857778906E-09 1.01916486215E-08
 32  18 1.27286345117E-08 -1.12136888089E-09
 32  19 7.55189536923E-10 -2.77546530730E-09
 32  20 3.81610564420E-09 3.19534855653E-10
 32  21 -2.33262996771E-09 1.16411650251E-08
 32  22 -1.20880678762E-08 -2.72691793232E-09
 32  23 8.18682122143E-09 -2.33549712722E-09
 32  24 -3.55036315667E-09 6.54834763861E-10
 32  25 -1.89374992503E-08 -6.43429532848E-09
 32  26 5.22535531492E-09 -3.68856221241E-09
 32  27 -4.53740085214E-09 -6.68075560111E-09
 32  28 1.65304174500E-09 -5.73130340772E-09
 32  29 4.32768192965E-09 2.88179889934E-09
 32  30 -6.74805866294E-09 1.39346268546E-09
 32  31 -6.26740251766E-09 -2.18475608171E-10
 32  32 3.39756603310E-09 1.42646165155E-09
 33   0 -3.49357179498E-09 0.0
 33   1 -1.39642913445E-09 -2.16391760811E-09
 33   2 -7.48774194896E-09 -5.01872081520E-10
 33   3 -1.99661955793E-09 7.09304102680E-09
 33   4 -4.27019981900E-09 2.27426656698E-09
 33   5 2.37784729729E-10 3.74439169451E-09
 33   6 1.22603039921E-09 -2.87328300836E-09
 33   7 -6.11215086076E-09 2.49383366316E-09
 33   8 -8.23144405057E-10 1.44915555407E-08
 33   9 5.05097392033E-09 7.40517469020E-09
 33  10 -2.39709923317E-09 1.07022906758E-09
 33  11 2.43388836443E-09 -8.67071813487E-09
 33  12 -2.33510532329E-09 8.94350698910E-09
 33  13 2.60415381930E-09 3.13805750981E-09
 33  14 4.92959662302E-09 5.71204550617E-09
 33  15 -4.64145303396E-09 -3.47835302325E-09
 33  16 7.39530517571E-09 6.28613189283E-09
 33  17 -5.73064590551E-09 1.28779114927E-08
 33  18 -9.74285933562E-09 -1.89598124592E-09
 33  19 8.52447331156E-09 2.07561717246E-09
 33  20 -3.32627500309E-09 -7.77689999053E-09
 33  21 9.38761672387E-10 8.17787598674E-10
 33  22 -1.05439940875E-08 -1.56190227392E-08
 33  23 1.15896250314E-10 -1.01356350767E-08
 33  24 1.11416074527E-08 -8.57153776484E-09
 33  25 5.24730532375E-09 -1.04941656537E-08
 33  26 1.09590005596E-08 4.54041440250E-09
 33  27 -1.32772908147E-09 1.26154161942E-09
 33  28 1.75943381421E-09 -1.02060346415E-09
 33  29 -1.63075128633E-08 5.72191328891E-09
 33  30 -1.56977064277E-09 -1.84579402264E-08
 33  31 4.69481868853E-09 1.02290050028E-09
 33  32 6.56775919022E-09 -4.39711913398E-09
 33  33 -1.52043850303E-09 8.31263004529E-09
 34   0 -9.08833340447E-09 0.0
 34   1 -2.76889795047E-09 6.38918970210E-09
 34   2 6.76881906540E-09 5.30082118696E-09
 34   3 1.25429669786E-08 8.11619669834E-09
 34   4 -8.30005417504E-09 1.19586870272E-09
 34   5 -3.88131685638E-09 3.54963449977E-09
 34   6 4.84093709579E-10 7.62975480293E-09
 34   7 2.75125793239E-09 -6.56263573163E-09
 34   8 -9.83446807592E-09 4.68751478021E-09
 34   9 1.53042494664E-09 2.10165697829E-09
 34  10 -7.52633242389E-09 1.46544229781E-09
 34  11 -3.82043431506E-09 -1.07829735599E-09
 34  12 1.42629362262E-08 -4.60063642968E-09
 34  13 -3.56240984255E-09 1.03329523096E-09
 34  14 -2.50187664392E-09 9.64686908241E-09
 34  15 3.75939804157E-10 6.26286249770E-09
 34  16 -1.45874042713E-09 -1.49380929080E-09
 34  17 -4.73747570512E-09 3.93698829389E-09
 34  18 -1.47488701345E-08 -5.38197998817E-09
 34  19 -3.59837568897E-09 7.15302015583E-09
 34  20 3.64466859655E-09 -1.01824147346E-08
 34  21 -9.81980297066E-10 -7.42166456548E-09
 34  22 -3.18152215406E-09 3.36620175035E-09
 34  23 -1.12973120570E-09 -1.18981902172E-08
 34  24 8.78079044954E-09 4.20436158037E-09
 34  25 8.41097170248E-09 -9.86300815266E-09
 34  26 3.99964384231E-09 -1.29360014691E-08
 34  27 1.31566196208E-08 -3.91137836409E-09
 34  28 -1.65320604713E-10 -2.00370653858E-08
 34  29 7.08151676681E-09 -4.31563574113E-09
 34  30 -2.05666035677E-08 -5.86948946952E-10
 34  31 -4.57411268111E-09 -1.60852780125E-09
 34  32 9.14033593474E-09 2.31645138264E-09
 34  33 1.37617937967E-08 4.35471986460E-09
 34  34 -8.54011998155E-09 1.65364599023E-09
 35   0 8.60443158492E-09 0.0
 35   1 -1.07631176168E-08 -1.03576288219E-08
 35   2 -1.48166749807E-08 7.47316845223E-09
 35   3 1.88623900305E-09 3.49967679465E-09
 35   4 -2.82338523108E-09 9.20674937921E-09
 35   5 -7.23688443416E-09 -1.15478796146E-08
 35   6 3.28708320436E-09 7.90142264483E-09
 35   7 -3.45829826367E-09 4.71386839716E-09
 35   8 4.15911228686E-09 9.21486965423E-09
 35   9 -7.83584593022E-10 -1.08780700595E-09
 35  10 -2.63078124596E-09 1.14437669825E-08
 35  11 3.11352842190E-09 -3.11508942142E-09
 35  12 8.10432165903E-09 -6.43233956780E-09
 35  13 -1.60870380988E-09 3.02852925442E-09
 35  14 -7.16511186947E-09 -7.02737046917E-09
 35  15 -1.53690564123E-08 8.75984924717E-09
 35  16 -6.89772047703E-09 -7.36827047584E-09
 35  17 7.03755899027E-10 -8.82920485773E-09
 35  18 -5.55247661498E-09 -1.14710477959E-08
 35  19 -1.07112499273E-09 -3.41854119412E-09
 35  20 9.92702305837E-10 -1.13573745208E-10
 35  21 1.29333785663E-08 -8.17657795386E-10
 35  22 7.51479477595E-09 5.72299309080E-09
 35  23 -8.16391242216E-09 -2.22442612532E-09
 35  24 2.78435090517E-09 6.38499607176E-09
 35  25 7.16858934156E-09 1.99781103645E-09
 35  26 -4.70300232305E-09 4.61488943108E-09
 35  27 1.09602089094E-08 -1.33812635796E-08
 35  28 7.88159460716E-09 -1.53673024839E-08
 35  29 7.70786810766E-09 3.40140754669E-09
 35  30 -4.05192839930E-09 2.87370616224E-09
 35  31 7.84140204315E-09 4.04124807880E-09
 35  32 -3.16267901777E-09 -7.41858064221E-09
 35  33 5.86096339660E-09 -3.07739390905E-09
 35  34 -1.21632099674E-09 2.66717400938E-09
 35  35 -5.87865729410E-09 -5.01230638002E-09
 36   0 -4.02590604243E-09 0.0
 36   1 -1.13386686386E-09 5.14982653283E-09
 36   2 -4.31575901448E-09 -3.40211031655E-09
 36   3 7.00409280444E-11 -1.58895672921E-08
 36   4 3.00961129935E-09 1.38917218538E-09
 36   5 -7.42261535513E-09 1.40337860190E-09
 36   6 1.08546024568E-08 -3.16311943226E-09
 36   7 1.70813806147E-09 6.17680210154E-09
 36   8 3.44939360246E-09 -5.03767857861E-09
 36   9 2.92192219493E-09 -3.74028113708E-10
 36  10 4.23119681703E-09 6.83503143788E-09
 36  11 -4.10039232642E-09 4.75118294475E-09
 36  12 4.87204962837E-10 -9.84587714675E-09
 36  13 -6.15416963507E-09 8.03181135560E-09
 36  14 -1.04141682764E-08 -5.94203574762E-09
 36  15 9.54892409044E-10 3.33310574172E-09
 36  16 1.25505913598E-09 -1.60569406116E-10
 36  17 4.95066186034E-09 -8.65314022477E-09
 36  18 1.77184202015E-09 4.46033400770E-09
 36  19 -5.25149217565E-09 -6.65319486115E-09
 36  20 -6.03793346956E-09 3.52627660597E-09
 36  21 1.06908924730E-08 -5.67948915026E-09
 36  22 3.21356130034E-09 1.61234121461E-09
 36  23 -3.61160199501E-10 2.74891917069E-09
 36  24 2.10662869987E-09 -4.24514998756E-09
 36  25 4.34979292140E-09 1.56071473460E-08
 36  26 3.68762567031E-09 9.37175113714E-09
 36  27 -7.91229464362E-09 8.82996810630E-09
 36  28 2.22637976824E-09 -4.34372617405E-09
 36  29 1.84511675839E-09 2.07344718340E-10
 36  30 -1.00411515955E-08 6.05413293608E-09
 36  31 -8.39084442298E-09 -5.54047445598E-09
 36  32 1.25654207109E-08 2.30476235625E-09
 36  33 3.89957606637E-09 -3.50340856893E-09
 36  34 -9.08693282663E-09 4.35776976715E-09
 36  35 -1.38812503272E-10 -1.25527291076E-08
 36  36 4.60146465720E-09 -5.94245336314E-09
 37   0 -6.26877957928E-09 0.0
 37   1 -5.44321937673E-09 -1.11972040628E-09
 37   2 -4.22246992954E-09 -1.37653686495E-08
 37   3 -5.07190773652E-09 -7.09632763665E-10
 37   4 5.63543416051E-09 4.45226138939E-10
 37   5 -9.74378012077E-09 -5.57105900119E-10
 37   6 -2.07367453469E-09 7.87327801001E-09
 37   7 6.60599161587E-09 8.67877271607E-09
 37   8 -2.13258525895E-09 -2.14923078110E-09
 37   9 2.24091600442E-09 -1.86836328296E-09
 37  10 2.04157744229E-09 2.39826046860E-09
 37  11 1.13497233805E-09 3.68693317518E-09
 37  12 -3.26021093974E-09 -5.25122926097E-09
 37  13 -1.53850795393E-10 -8.31445713314E-09
 37  14 -2.55036581184E-09 -1.12426375494E-09
 37  15 1.00390776044E-08 -9.42542010609E-10
 37  16 3.49368560629E-09 1.33918670303E-08
 37  17 5.53414840336E-09 -4.22816223910E-09
 37  18 1.73316172415E-09 3.80532044735E-09
 37  19 -6.74770795135E-09 -5.73498587855E-10
 37  20 -7.21680758206E-09 -1.01104023109E-09
 37  21 1.47579731962E-09 -1.50807662982E-09
 37  22 6.49538164830E-09 2.88659904820E-10
 37  23 -5.05603800386E-10 4.15991942706E-09
 37  24 -8.28158239621E-09 -8.73189754930E-09
 37  25 6.66433821456E-09 -1.98485329913E-09
 37  26 4.87667405785E-09 1.04852639270E-08
 37  27 -5.53507836078E-09 4.40041559326E-09
 37  28 1.27111394020E-08 3.98526299108E-09
 37  29 4.69346643521E-09 6.80043694906E-09
 37  30 -8.95069849852E-09 1.25778887176E-08
 37  31 3.75470216864E-09 -9.24205129866E-09
 37  32 -3.69248750740E-11 3.99721827179E-09
 37  33 1.81875090550E-09 -1.66497614164E-08
 37  34 2.60762275923E-09 5.18793036302E-10
 37  35 -1.01969295005E-08 -8.48165557215E-09
 37  36 -3.57377514832E-09 -4.80019536638E-09
 37  37 6.00401989218E-09 -4.34138083363E-09
 38   0 -2.50215563904E-09 0.0
 38   1 3.09466265187E-09 4.69976367846E-09
 38   2 8.19190642499E-09 -2.92168742572E-10
 38   3 -2.52647630895E-09 -9.33025608907E-10
 38   4 5.07360017920E-09 -4.18473896587E-09
 38   5 -9.25037323666E-09 7.38633376489E-09
 38   6 -1.40048815273E-08 3.14176171759E-09
 38   7 1.54501049189E-09 -2.78047841851E-09
 38   8 3.14019810906E-09 4.33315196098E-09
 38   9 4.65473822686E-09 -7.83751300143E-10
 38  10 -1.77202865840E-09 -6.30369000590E-09
 38  11 2.85477747534E-11 8.94470323502E-09
 38  12 -3.61317146590E-09 -6.75700770885E-09
 38  13 1.49004924856E-09 -1.04709970229E-08
 38  14 -6.89357445422E-09 3.94757501829E-09
 38  15 2.72024334119E-09 -3.29453926634E-09
 38  16 -5.38417749949E-09 9.75874265230E-09
 38  17 3.89428358456E-09 2.01423843172E-09
 38  18 1.00538805145E-08 -2.61647337975E-09
 38  19 9.92881044511E-10 -6.15051964331E-10
 38  20 4.03103560658E-09 -2.09499348411E-09
 38  21 -1.62423077972E-09 3.92737997494E-09
 38  22 1.02706233144E-09 7.86969415161E-09
 38  23 -1.77955537988E-09 5.41737892876E-09
 38  24 -1.27705450894E-08 1.14583893203E-09
 38  25 -2.69917785699E-09 -2.26421240791E-09
 38  26 -2.73518174387E-09 6.15998595051E-09
 38  27 -1.92193303560E-09 8.73977778544E-09
 38  28 -4.82197724567E-09 -5.18926025463E-09
 38  29 6.33489771869E-09 3.27118377940E-09
 38  30 -1.28143586175E-10 2.16956419247E-09
 38  31 3.87663613104E-09 -7.68254138198E-09
 38  32 8.28751981049E-09 1.78693515151E-09
 38  33 2.52385804563E-09 1.42558825117E-08
 38  34 -9.55299702793E-09 3.28274176180E-09
 38  35 4.80925013950E-09 2.33835491707E-09
 38  36 1.15090381132E-09 -6.84242268214E-10
 38  37 -3.40978531559E-09 2.06994207167E-09
 38  38 3.06349232433E-09 -2.13887850477E-09
 39   0 1.74080683553E-09 0.0
 39   1 -2.57053135612E-09 5.38483681001E-09
 39   2 2.77228360729E-09 7.04358259614E-09
 39   3 -3.32354118770E-09 6.24116116403E-09
 39   4 -5.51535994529E-09 -4.91342654795E-09
 39   5 5.47040375439E-09 1.66010698351E-09
 39   6 -4.45909927931E-09 2.79733582782E-09
 39   7 1.75001339201E-09 -1.65033123845E-09
 39   8 2.31145621942E-09 1.15403393396E-08
 39   9 7.00349611111E-09 3.74030562090E-09
 39  10 6.19713424433E-10 -2.78502502427E-10
 39  11 1.48793575424E-08 -2.39801529813E-09
 39  12 -4.06774338685E-09 8.93957638062E-09
 39  13 -1.95237351388E-09 -7.71937180618E-09
 39  14 -3.65216328534E-09 2.78768320487E-09
 39  15 -5.49236816801E-09 -3.97721347261E-10
 39  16 1.45206835528E-09 -1.85494879738E-09
 39  17 -8.46839283593E-10 -1.46956096573E-09
 39  18 2.71275895976E-09 -8.67587317274E-10
 39  19 5.11240330583E-09 6.24727953570E-09
 39  20 -6.46282165404E-11 -9.92882773891E-09
 39  21 -5.16094193773E-09 1.94235688059E-09
 39  22 -6.71243623487E-09 -8.06125497664E-10
 39  23 -3.22921227535E-09 5.92701141337E-09
 39  24 -1.01882322024E-08 7.75027644112E-09
 39  25 -5.12841341630E-09 -6.30012789774E-09
 39  26 -3.82452568811E-09 8.65864300194E-09
 39  27 -8.22525852368E-09 -2.01288638784E-09
 39  28 -2.82378154145E-09 -1.06636607576E-08
 39  29 -2.16515268074E-10 -3.06411648657E-09
 39  30 4.39099797319E-09 -1.05144274362E-08
 39  31 1.43579138969E-09 -1.13155001982E-08
 39  32 3.09632041312E-09 5.55656199528E-09
 39  33 -5.55441416143E-09 3.56222456971E-09
 39  34 -1.98688349566E-09 3.36649788026E-09
 39  35 -1.36024644629E-08 2.22281004959E-09
 39  36 3.80530910326E-09 -3.45300476533E-09
 39  37 1.32324029653E-09 -4.53704470766E-09
 39  38 -1.49988360222E-09 6.44710228196E-09
 39  39 -8.75284533601E-10 1.32472770180E-09
 40   0 -6.69712941605E-09 0.0
 40   1 2.98119206129E-09 -1.67671602321E-10
 40   2 -5.51229838204E-10 -1.11120907382E-09
 40   3 1.00967033874E-10 -2.06645039278E-09
 40   4 5.67371495728E-09 -7.21819587159E-09
 40   5 1.34270999896E-08 -1.89035912501E-10
 40   6 -3.48436245779E-10 4.26022856296E-09
 40   7 -2.47450695737E-09 2.38870112778E-09
 40   8 6.80794565632E-09 3.82071234423E-09
 40   9 -6.90490165958E-10 1.97015196606E-09
 40  10 -5.24806255604E-09 3.06298214583E-09
 40  11 3.47677807871E-09 -4.16659562949E-09
 40  12 6.54619573280E-09 1.94884088889E-10
 40  13 -2.49110593073E-09 -4.29803550442E-09
 40  14 -5.31990094342E-10 9.00889321668E-10
 40  15 -4.95474634955E-09 -5.73605310655E-10
 40  16 -8.08969466066E-10 -3.32348495290E-09
 40  17 1.13076685092E-09 1.87448317014E-09
 40  18 -4.41879377259E-10 7.15396759385E-10
 40  19 -2.31075778003E-09 7.40677714867E-10
 40  20 -7.89936899784E-09 6.98434290080E-09
 40  21 -4.41475103069E-09 -6.44032174041E-10
 40  22 -1.47137946197E-08 -1.57204038521E-08
 40  23 -6.25564722188E-10 -1.23258449268E-08
 40  24 4.04206740773E-09 3.83294965319E-09
 40  25 4.06300555430E-10 -4.16803630319E-09
 40  26 6.77364070024E-09 -4.63296622041E-09
 40  27 -1.96935067826E-09 1.67788741927E-09
 40  28 2.02303536054E-09 7.02744988957E-09
 40  29 2.44543058163E-09 2.15388613016E-09
 40  30 1.11163452352E-10 1.06054076662E-09
 40  31 -6.07985990106E-09 -1.40699197628E-09
 40  32 -2.42536238693E-09 -5.77392178963E-09
 40  33 -1.50936507352E-09 -9.12831329929E-10
 40  34 6.78276645979E-10 9.66297773764E-10
 40  35 7.62262076875E-09 -8.42037138778E-09
 40  36 4.76306921308E-09 5.09933668609E-09
 40  37 -5.93199511085E-09 1.63782612718E-09
 40  38 4.43681584183E-10 4.45230470779E-09
 40  39 6.73138158452E-09 3.18214104380E-09
 40  40 -1.12228065052E-09 -2.25885618094E-10
 41   0 -4.13525437499E-09 0.0
 41   1 -4.90274680015E-09 -4.13421465480E-09
 41   2 2.89052309474E-09 1.77080262581E-09
 41   3 5.20847879810E-09 2.62910180729E-09
 41   4 -1.91230313597E-09 4.99520425513E-09
 41   5 4.43964510122E-09 -3.40520164639E-09
 41   6 3.37316558839E-09 2.08985188170E-09
 41   7 2.06227831355E-10 3.27019848148E-09
 41   8 -2.15120846029E-09 -4.24645658621E-09
 41   9 -5.91413129556E-10 3.43780205286E-09
 41  10 4.97937264743E-09 1.52629699723E-09
 41  11 5.12073112930E-09 -6.76355555964E-09
 41  12 4.56242438597E-09 4.26145632589E-10
 41  13 -1.90350418220E-09 4.24220010125E-09
 41  14 4.13463016104E-09 -1.22583182109E-09
 41  15 -1.24689685661E-09 3.06681470819E-09
 41  16 -6.34747121526E-10 -4.30865119854E-09
 41  17 -2.06876634550E-09 3.54231837608E-09
 41  18 -2.25848220691E-09 4.38915638181E-09
 41  19 -2.87905409333E-09 -6.98556578723E-10
 41  20 -2.22610632963E-09 -6.84339949215E-10
 41  21 -1.35557598574E-09 -3.86965990217E-09
 41  22 -1.08213659346E-08 -3.18900609762E-09
 41  23 9.05820361427E-10 -1.56187984663E-08
 41  24 6.16778124863E-09 -1.60878624414E-09
 41  25 3.53851984061E-10 3.05984309642E-09
 41  26 7.54848875117E-09 -8.45787453799E-09
 41  27 1.64116433803E-09 -4.05578278772E-10
 41  28 -1.65098951199E-09 -4.69639162983E-09
 41  29 -5.44379585832E-09 6.37658266351E-09
 41  30 2.22402442097E-09 -4.31030185329E-10
 41  31 1.07361998502E-08 1.05556071175E-09
 41  32 -2.67267671294E-09 3.89646604453E-09
 41  33 -3.34120765867E-09 1.05367869266E-08
 41  34 -2.88895264308E-09 4.05911712157E-09
 41  35 -1.37509044416E-08 2.84446968017E-09
 41  36 3.63761204387E-09 -3.62427981439E-09
 41  37 1.80748235308E-09 -1.08907704575E-08
 41  38 -1.05887784161E-08 -5.38192890554E-10
 41  39 -5.23876130159E-09 -3.06101814034E-09
 41  40 4.21971398140E-09 -4.81844784939E-09
 41  41 4.33049994846E-09 7.11601184478E-09
 42   0 -1.33354792115E-09 0.0
 42   1 -2.91339767022E-09 2.06722961440E-09
 42   2 -2.25762740342E-09 -1.91350575326E-09
 42   3 1.00425868132E-09 8.90566423709E-09
 42   4 5.49293049120E-09 1.46033051568E-09
 42   5 -9.14060768047E-09 -4.05025465516E-09
 42   6 2.51909112593E-09 -8.30414001349E-10
 42   7 4.33149903326E-09 -1.81867645319E-09
 42   8 2.31467036720E-09 6.46886557966E-10
 42   9 5.80415766535E-10 2.63924873014E-09
 42  10 5.35861538963E-09 6.87237624774E-09
 42  11 -8.10356263273E-10 2.77288086748E-09
 42  12 5.18833931987E-09 -1.06300881180E-08
 42  13 6.96174131569E-10 5.52240053377E-09
 42  14 -6.83414603737E-09 5.97533344532E-09
 42  15 -1.15265842427E-09 6.35337004364E-09
 42  16 2.71346710242E-09 -2.38502668497E-09
 42  17 -1.79870822529E-09 -4.10981715056E-09
 42  18 -1.31441814882E-08 1.78800482190E-09
 42  19 -2.80886446365E-09 -5.88853392034E-09
 42  20 5.67492620331E-09 6.40791629469E-10
 42  21 2.41505414934E-09 -5.60737090588E-09
 42  22 1.51381190151E-09 -3.40250947394E-09
 42  23 -3.27844335846E-09 -5.63629938986E-09
 42  24 4.82256426682E-09 1.20939612960E-09
 42  25 -4.25447876888E-09 4.34304889131E-09
 42  26 -1.78154712795E-09 -6.25459866853E-09
 42  27 8.06048401324E-09 -2.34473408874E-09
 42  28 -3.52264845834E-09 1.96484652934E-09
 42  29 -6.52976748285E-09 -1.27865281867E-09
 42  30 2.96168915407E-09 1.45345501063E-09
 42  31 5.22771935211E-09 4.84294083994E-09
 42  32 7.00967483397E-09 5.21635005469E-09
 42  33 5.68419870673E-09 5.82092269490E-09
 42  34 2.49133780205E-09 1.11560909802E-08
 42  35 -5.42518392886E-09 -1.14422610701E-09
 42  36 4.43062694275E-09 -5.40159236690E-09
 42  37 -5.90537874418E-09 2.38447105699E-09
 42  38 2.61875328309E-09 -1.31646034318E-08
 42  39 4.31141960605E-09 1.02533250717E-08
 42  40 1.48071523979E-09 -2.90013620439E-09
 42  41 1.46208018106E-09 2.15712294638E-11
 42  42 -7.17896151918E-09 3.05774241943E-09
 43   0 4.80016559571E-09 0.0
 43   1 -2.99163512748E-09 1.40510371892E-09
 43   2 -9.95536520455E-09 -6.78259699473E-10
 43   3 3.16918083990E-09 -1.57498110910E-10
 43   4 1.18935531794E-09 1.81393420291E-09
 43   5 -8.80529783351E-09 7.16357691110E-09
 43   6 5.97894057386E-09 2.94590894949E-10
 43   7 -1.52227392816E-09 4.89580125606E-09
 43   8 5.57502878273E-11 2.79898709198E-10
 43   9 -2.42188694717E-09 -7.09046496180E-09
 43  10 2.87637569429E-10 1.90081915190E-09
 43  11 -3.43518224791E-09 5.95350214203E-09
 43  12 -2.47269924155E-09 1.92210904294E-09
 43  13 1.96966119784E-09 -3.46114343345E-09
 43  14 -5.66818876142E-09 3.25629579061E-09
 43  15 3.54766446436E-09 5.99511981789E-09
 43  16 2.73311624814E-10 2.77229088669E-10
 43  17 3.94232906593E-09 -4.53197550515E-09
 43  18 -3.66329200365E-09 -5.14114571097E-09
 43  19 -4.35166062861E-09 -7.09815995277E-09
 43  20 -6.95761972986E-10 3.54067077072E-10
 43  21 3.89994250134E-09 4.95534624419E-09
 43  22 6.92777454917E-09 -1.96608582659E-09
 43  23 4.67099532626E-10 -6.08055780558E-09
 43  24 6.38614148731E-09 -1.71183650380E-09
 43  25 4.22006394810E-10 3.20173896008E-09
 43  26 -3.49775086562E-09 3.57144291960E-09
 43  27 4.34887928470E-09 8.99989867635E-10
 43  28 -9.57727739574E-10 7.92898192789E-09
 43  29 -1.05147757759E-09 1.14886926559E-09
 43  30 -1.03596839492E-08 -8.23488791643E-09
 43  31 -4.53706035433E-09 -8.68509261457E-10
 43  32 -3.64072761092E-09 5.35143529179E-09
 43  33 6.05006717058E-09 -1.14065559763E-09
 43  34 2.98956472143E-09 4.16161397827E-10
 43  35 -1.28808244727E-09 5.50582028190E-09
 43  36 6.52903431778E-10 -3.62994807787E-09
 43  37 3.17344593362E-09 6.01147151570E-09
 43  38 -5.81895814117E-09 1.74812579571E-10
 43  39 4.96324204510E-09 -2.39546876633E-09
 43  40 1.15985754714E-08 5.03199216333E-11
 43  41 -3.16787886818E-09 3.12473400990E-09
 43  42 -7.44030943275E-09 4.27834690972E-09
 43  43 -2.08475180681E-09 -8.96658973671E-09
 44   0 7.16597271169E-10 0.0
 44   1 4.35359549773E-09 -8.03476202214E-10
 44   2 -3.79120724365E-10 2.36663434150E-09
 44   3 -1.95042879230E-10 -3.50189431483E-09
 44   4 2.63812172722E-09 -2.14241109485E-09
 44   5 1.22484173172E-09 3.33912238312E-09
 44   6 -8.21665290321E-09 3.42570804630E-09
 44   7 2.98851621414E-09 1.04600848746E-08
 44   8 -2.65553732502E-09 3.88452130213E-10
 44   9 -4.01226877626E-10 -6.42838063306E-09
 44  10 -5.27891450116E-09 -6.09599870123E-09
 44  11 -2.17005646338E-09 -1.09791269121E-09
 44  12 -4.43983695521E-09 -2.18899413884E-09
 44  13 2.53662498828E-09 -4.26751504379E-09
 44  14 -5.40774676176E-09 -3.74724128584E-09
 44  15 2.20273327242E-09 -6.38441090011E-09
 44  16 4.56597166511E-09 4.84573915246E-09
 44  17 4.41544557049E-09 1.54202418543E-09
 44  18 5.67906570443E-09 -4.17559338192E-09
 44  19 -6.73447447471E-10 -4.67189791645E-09
 44  20 -4.56157353263E-10 6.30312848084E-10
 44  21 -7.37736788113E-09 1.98663767921E-10
 44  22 6.92875962848E-09 2.07109499562E-09
 44  23 1.01550408795E-09 9.64945379654E-09
 44  24 3.01922142612E-10 -6.51342327700E-09
 44  25 2.90361579607E-09 1.10661300138E-09
 44  26 -4.47876001353E-09 1.27891412067E-09
 44  27 2.51551011801E-09 -2.77043411393E-09
 44  28 -9.05678632717E-10 5.54494660787E-09
 44  29 -6.98866052227E-09 4.49026748788E-09
 44  30 4.78981605030E-09 1.82143100801E-09
 44  31 -6.34603270453E-10 2.65129335221E-09
 44  32 -4.23584657112E-09 7.98191362380E-10
 44  33 -3.75671392995E-09 2.89954282777E-10
 44  34 -3.34592062957E-09 5.90112277368E-09
 44  35 -7.42209126379E-09 -3.12651333437E-09
 44  36 3.53465103361E-09 -7.50792765314E-09
 44  37 9.77743329493E-09 7.49175946104E-09
 44  38 4.50523562078E-09 -6.07722887364E-09
 44  39 6.82723600826E-09 2.67191354166E-09
 44  40 -3.60229735000E-09 7.43640660818E-09
 44  41 3.05918358946E-09 -2.19975922856E-09
 44  42 -8.04752620611E-10 -7.48815852958E-10
 44  43 2.63803620047E-09 -3.00616063432E-09
 44  44 3.02914783280E-09 -1.61647243103E-09
 45   0 -4.20562194155E-09 0.0
 45   1 4.43790401520E-09 -5.51664132292E-09
 45   2 1.18458145711E-09 -2.84426726042E-09
 45   3 -3.07024006065E-10 -6.08323666779E-09
 45   4 -4.17074572514E-10 1.04795469653E-09
 45   5 3.13251669316E-09 -1.38672272733E-09
 45   6 -5.58127842237E-09 -4.54711073566E-10
 45   7 1.44970124311E-12 2.60316093604E-09
 45   8 -3.54978919718E-09 4.56563662187E-10
 45   9 6.83145300281E-09 -4.64843734135E-09
 45  10 -1.37244511558E-09 -2.43311008683E-09
 45  11 1.14821963863E-09 -2.97387745235E-09
 45  12 -4.82095972620E-09 -2.34153494603E-09
 45  13 -4.91603699064E-09 -2.88944934821E-09
 45  14 2.19473571181E-09 -5.06957047369E-09
 45  15 -3.14892757709E-09 -1.49587086033E-12
 45  16 6.63161850196E-09 4.67552136310E-10
 45  17 2.49597156408E-09 -1.67690334522E-09
 45  18 2.45467637342E-09 -4.28899068529E-09
 45  19 -5.13137394149E-09 -2.21314908410E-09
 45  20 5.56074699836E-09 4.14250381261E-09
 45  21 -3.46909493320E-09 -5.58876832906E-10
 45  22 3.18548582181E-09 5.02694389287E-09
 45  23 2.22520273984E-09 5.15834114168E-09
 45  24 -1.10386430944E-08 4.66294947782E-09
 45  25 8.18639610800E-09 -3.38119094674E-09
 45  26 -2.17829767335E-09 5.90422271735E-09
 45  27 -6.37212275736E-09 3.42683611366E-10
 45  28 5.55768024188E-09 -1.53492742026E-10
 45  29 -7.56151876206E-09 -2.52009143510E-09
 45  30 -1.78204385866E-09 -1.16576354142E-10
 45  31 -1.81647075569E-09 -4.89659964022E-09
 45  32 -2.17318403448E-09 -2.98137538631E-09
 45  33 -1.67787477837E-09 -2.76303095452E-09
 45  34 -2.45868539182E-09 6.10049182142E-09
 45  35 -7.25160877101E-09 7.14795060372E-09
 45  36 -8.31520827869E-09 6.91473231707E-09
 45  37 -5.90075989395E-09 3.86510419611E-09
 45  38 -4.57575457660E-09 3.51994877415E-09
 45  39 -2.35206857136E-10 -8.14244952898E-09
 45  40 4.12959194689E-09 -3.33153350192E-09
 45  41 1.15177501806E-09 1.23563176111E-09
 45  42 -1.47954611149E-09 -1.19573121446E-08
 45  43 4.29208492389E-09 2.41696912530E-09
 45  44 1.16896020112E-08 3.79338157974E-09
 45  45 -2.11611455548E-09 -1.86268283322E-10
 46   0 -2.70012415043E-09 0.0
 46   1 1.80310534813E-09 1.01975529719E-09
 46   2 5.49858950643E-09 1.69386192791E-09
 46   3 -2.17227347292E-09 3.13551620449E-11
 46   4 5.66307366242E-10 -7.33552916811E-09
 46   5 -3.92225673604E-09 -9.87938446292E-09
 46   6 -5.19790587846E-09 -3.66545255275E-09
 46   7 5.49283021230E-09 -7.68195997713E-09
 46   8 2.17033095777E-09 3.17787787443E-09
 46   9 9.96299925061E-09 5.93033350714E-09
 46  10 2.10682665579E-09 -7.49320315546E-10
 46  11 -3.67331003264E-09 -3.29875222753E-09
 46  12 -9.89004146632E-10 -7.70280415669E-10
 46  13 -5.47493653890E-09 -9.89789200776E-10
 46  14 -4.11711385409E-10 2.89968476400E-10
 46  15 -5.64698395869E-09 -2.33049143886E-09
 46  16 2.90741518386E-09 5.43626943521E-09
 46  17 -3.72824213792E-09 -6.68397143095E-10
 46  18 2.54614482597E-09 -5.15577393539E-09
 46  19 -5.09322881303E-10 -2.19142742197E-09
 46  20 -3.26046948770E-09 -4.45892855672E-09
 46  21 -5.44320195164E-09 4.86393178127E-09
 46  22 6.01189717955E-09 1.18539357290E-09
 46  23 2.49813551913E-09 4.72263592598E-09
 46  24 -4.67893359545E-09 -3.01740256772E-10
 46  25 4.11819342344E-09 -7.98076733908E-09
 46  26 3.90445251962E-09 1.09137918441E-08
 46  27 -2.31459572299E-09 -1.31245150309E-10
 46  28 -5.12497482609E-10 -5.28211928064E-09
 46  29 -2.20883312544E-09 -2.10749632839E-09
 46  30 -5.25781051372E-09 -7.85075749498E-09
 46  31 -2.42154487807E-09 8.85282307696E-11
 46  32 -1.70076318965E-09 -3.12034919855E-09
 46  33 1.49941290882E-08 -2.89411008422E-10
 46  34 -1.77925513543E-09 4.03871357436E-09
 46  35 -6.42883444376E-09 9.61561249861E-10
 46  36 -2.62783231385E-10 -2.29487440393E-09
 46  37 -3.72932026305E-09 6.20601539446E-09
 46  38 -6.23587949535E-09 -2.84455158644E-09
 46  39 7.90167444535E-09 -6.70704239494E-10
 46  40 1.17802075978E-09 -1.17881775587E-09
 46  41 -3.70549492460E-10 -5.22404669093E-09
 46  42 9.59291977084E-10 6.55323402052E-09
 46  43 -2.40852741746E-09 1.17616421703E-08
 46  44 2.23574532165E-09 -3.22855904393E-09
 46  45 -1.71783716222E-09 5.66851692385E-09
 46  46 -4.19103472438E-10 -2.96575033763E-09
 47   0 -1.90154208615E-10 0.0
 47   1 -6.27233433754E-09 -1.51517514490E-09
 47   2 4.01691565700E-09 -1.00085045221E-09
 47   3 2.59377856501E-09 2.47231037816E-09
 47   4 -1.04443325244E-09 9.34975462359E-10
 47   5 -4.31347537978E-10 -2.20359402651E-09
 47   6 2.57405615983E-09 -3.41622421012E-09
 47   7 3.52747810143E-10 -3.93728849468E-09
 47   8 5.37524591361E-09 -1.23956249318E-09
 47   9 -1.29987202635E-09 2.95555821523E-09
 47  10 6.40767701595E-09 3.68885075423E-09
 47  11 1.23519925844E-09 -4.72211607105E-09
 47  12 1.04380948619E-08 2.75422690346E-09
 47  13 -2.71006312178E-09 -3.33560490463E-09
 47  14 1.07598358729E-09 4.79188752249E-10
 47  15 -1.85179314652E-09 1.00741967568E-09
 47  16 -2.04122754813E-09 -7.74824254825E-10
 47  17 -1.85094389869E-09 4.70534852733E-09
 47  18 -1.75664412977E-09 7.51634026147E-09
 47  19 2.57958630199E-09 3.90203858436E-09
 47  20 -1.11333666318E-08 1.96939628290E-10
 47  21 -5.99568152704E-09 1.11135984769E-10
 47  22 -7.56627176425E-09 -9.65217141462E-10
 47  23 3.09665406126E-09 9.94928294714E-10
 47  24 -1.17285978776E-09 -1.13224363780E-09
 47  25 -2.64542435507E-09 -9.91886685629E-09
 47  26 8.39718780120E-09 2.93025050389E-10
 47  27 -6.10514707418E-09 -2.63190397426E-09
 47  28 1.67058013297E-09 -6.84529247699E-09
 47  29 5.86653254012E-09 1.39919470636E-11
 47  30 -2.42054755734E-09 2.45903893490E-09
 47  31 5.19770268779E-10 9.51714424649E-10
 47  32 -1.60020222792E-09 -1.57189568068E-10
 47  33 -4.66270294962E-09 2.69393960951E-09
 47  34 1.86438558801E-09 3.68745885093E-09
 47  35 -9.09257444193E-09 1.08683931287E-09
 47  36 7.40829517963E-09 -4.34691060590E-09
 47  37 8.22769659281E-09 1.65695541642E-09
 47  38 6.47827986587E-11 1.36944595156E-09
 47  39 -1.85449646925E-09 7.66987555010E-09
 47  40 -8.50173620087E-09 7.89172031519E-09
 47  41 -3.68935985230E-09 4.90097673006E-09
 47  42 -1.59039873565E-09 -5.52446047641E-09
 47  43 2.23824882871E-09 2.73410283112E-09
 47  44 -3.41312191572E-09 1.04347201947E-08
 47  45 6.21033825189E-09 2.30263608837E-09
 47  46 -2.58602557996E-10 -4.32960943537E-09
 47  47 3.28878760211E-09 -5.01440887217E-09
 48   0 3.57681178108E-09 0.0
 48   1 1.14968699435E-09 3.02657013283E-09
 48   2 4.52034385436E-09 3.63393017349E-10
 48   3 -1.22927584235E-09 2.57979302487E-09
 48   4 4.09341959566E-10 -1.22080534781E-09
 48   5 5.43663455799E-09 -2.35605380481E-09
 48   6 4.74904020601E-09 7.84843721779E-09
 48   7 -3.98978873322E-10 2.48163262176E-09
 48   8 2.55845111826E-09 5.47396371892E-09
 48   9 2.24130678348E-10 3.98795187238E-09
 48  10 -3.53158299606E-09 3.04470802332E-09
 48  11 1.38179707639E-09 1.07320251723E-09
 48  12 9.19794499549E-11 -3.83102424560E-09
 48  13 2.84445438460E-09 1.67644943899E-09
 48  14 -4.17415239884E-10 -5.20890517219E-10
 48  15 4.62182206593E-09 1.74541145074E-09
 48  16 8.55310905864E-10 9.64178179610E-10
 48  17 1.03882489053E-09 3.58612272501E-09
 48  18 -6.51833456414E-10 1.74602237769E-09
 48  19 -2.27428315047E-09 4.71978277111E-09
 48  20 -5.25895902263E-09 5.05947018014E-09
 48  21 4.19950564694E-10 -3.37394929243E-09
 48  22 -7.46739493756E-09 2.78688711358E-09
 48  23 -2.06870163398E-09 -2.40698779384E-09
 48  24 -4.28479149016E-09 -9.29222791824E-10
 48  25 -3.13816367488E-09 3.53860016527E-10
 48  26 6.75317050852E-10 -5.81365414694E-09
 48  27 -8.14262299853E-09 4.75300683514E-09
 48  28 6.19117211259E-10 -7.45017826902E-09
 48  29 2.08270824932E-09 -6.70725670829E-09
 48  30 -1.21014652961E-09 -1.35952580674E-09
 48  31 2.18926239480E-10 -3.84588314583E-09
 48  32 1.75493280857E-09 -1.71734501643E-09
 48  33 2.03034126664E-09 -1.19209199438E-10
 48  34 7.36341492206E-10 7.24880841410E-09
 48  35 -5.46003431694E-09 1.26320884899E-09
 48  36 -4.57823041568E-09 -6.44850201282E-10
 48  37 -1.77867917025E-09 -4.54304954485E-09
 48  38 -8.73547357320E-09 -1.03193513201E-09
 48  39 5.12226006557E-09 -8.69537994667E-09
 48  40 1.43385239699E-09 4.95029164361E-09
 48  41 -2.36089936238E-09 -9.76362693271E-09
 48  42 1.91874768918E-09 2.84547987611E-09
 48  43 4.86940216197E-09 5.83862929544E-09
 48  44 6.53859055177E-10 -1.20865612683E-10
 48  45 5.62863159319E-09 4.73507339015E-09
 48  46 -3.68918092552E-09 8.75444855625E-09
 48  47 3.19161830766E-09 4.52954726663E-09
 48  48 6.09574598027E-09 -1.46002611039E-09
 49   0 -1.32381251748E-10 0.0
 49   1 6.47068277627E-09 -2.37896141041E-10
 49   2 1.30200427546E-10 3.00456443547E-09
 49   3 1.43748218598E-09 1.44670309978E-09
 49   4 -3.92329568744E-10 9.70388035448E-09
 49   5 2.55429460233E-09 -1.47768022073E-10
 49   6 -2.11376664553E-09 3.43832599943E-09
 49   7 3.15330040886E-09 3.41943534957E-09
 49   8 -1.06674914362E-09 3.72669749638E-09
 49   9 -8.15488716734E-10 5.55381712390E-09
 49  10 -4.96678560171E-09 -3.87168385069E-10
 49  11 4.84062216988E-09 2.23790617673E-09
 49  12 -3.20337407762E-09 -2.02737537475E-09
 49  13 2.49812725043E-09 3.72762188228E-09
 49  14 6.34349028568E-10 -1.58167593564E-09
 49  15 -1.99198762809E-09 1.12774226470E-09
 49  16 -1.23336400479E-09 -5.94456540806E-09
 49  17 -2.65699702032E-09 -6.10248164690E-10
 49  18 -1.31402173323E-09 -2.43782519231E-09
 49  19 -2.29688343083E-09 -4.94180521317E-10
 49  20 4.66871394808E-09 3.07127632185E-10
 49  21 -2.08989346555E-09 -5.88434524195E-09
 49  22 1.91135216096E-10 4.43491281302E-09
 49  23 2.99871273075E-09 -1.06379105793E-09
 49  24 4.35996032620E-09 1.42678862473E-09
 49  25 -4.60156826740E-09 5.38503141399E-09
 49  26 -7.84845559049E-09 -9.76933411644E-10
 49  27 -3.04318299143E-09 2.74872232195E-09
 49  28 -3.23017753759E-09 -1.12284746533E-08
 49  29 6.64106165101E-10 -5.71670663706E-10
 49  30 2.48126870469E-09 2.85895832102E-09
 49  31 -2.48689123925E-10 -6.18384284875E-09
 49  32 1.37336318711E-09 -5.66667653145E-09
 49  33 1.51078531660E-09 -1.85275742470E-09
 49  34 4.48621700339E-09 -5.35447038422E-10
 49  35 2.84135954695E-09 5.53605102488E-09
 49  36 -4.73460942936E-09 5.77800653513E-10
 49  37 -1.00375346312E-09 9.27882841340E-10
 49  38 3.10296657267E-09 -2.41249789431E-09
 49  39 2.82835885902E-09 2.26214345333E-09
 49  40 -1.76894208328E-09 1.90525031142E-09
 49  41 -1.78869741196E-09 -1.47482017451E-09
 49  42 -2.88796879506E-09 -4.84058674322E-10
 49  43 5.04557010898E-09 -6.87856526043E-09
 49  44 5.93483174278E-09 8.10527467719E-09
 49  45 8.78294012586E-10 -1.54628799460E-09
 49  46 3.32223141812E-09 1.32061609167E-09
 49  47 2.19546558739E-09 4.45577322906E-10
 49  48 -3.19934645334E-09 5.29796611163E-10
 49  49 3.53298458012E-09 1.15517660073E-09
 50   0 -3.76127155080E-09 0.0
 50   1 4.23888304609E-09 -1.50227955046E-09
 50   2 -8.61644685578E-09 -3.18340545864E-09
 50   3 6.54814848830E-10 -1.06554111740E-09
 50   4 -8.48878564001E-09 4.07213577890E-10
 50   5 -7.58945358323E-10 -2.79474626471E-09
 50   6 -8.05947626804E-11 1.79661231497E-09
 50   7 2.14183539023E-09 4.51809743818E-09
 50   8 -2.72537670208E-09 1.14829252929E-09
 50   9 -1.44509891184E-09 2.53472803309E-09
 50  10 -4.89799910812E-09 -3.57698633382E-10
 50  11 -2.94734601071E-09 1.94786708736E-09
 50  12 -4.05382587198E-09 5.02391657400E-09
 50  13 -6.35513582256E-10 1.39705256030E-09
 50  14 -3.79816827726E-09 4.20446479492E-09
 50  15 -3.40693142635E-09 -1.76525731032E-09
 50  16 -2.12579920433E-09 -4.97850923583E-09
 50  17 1.69417034762E-10 -3.84471197721E-09
 50  18 6.36885232786E-10 -4.49881011640E-09
 50  19 6.43391947467E-10 3.15512282312E-11
 50  20 2.08558685488E-09 -2.37194017815E-09
 50  21 -6.27546236058E-10 -8.81913916952E-10
 50  22 2.61749141861E-09 -4.96032655871E-10
 50  23 -1.67352954824E-09 -5.58351715040E-09
 50  24 1.04263288641E-08 5.32645409553E-11
 50  25 4.58248696956E-09 3.39769216723E-09
 50  26 -8.48729060460E-09 -1.81083249791E-09
 50  27 5.47669956008E-09 -2.51696510797E-09
 50  28 -7.44617458853E-10 5.58609205114E-09
 50  29 6.06026089459E-09 2.80947566572E-09
 50  30 4.31969594552E-09 6.41393913595E-09
 50  31 -2.84620436283E-09 5.88802189362E-09
 50  32 -1.62497922734E-09 2.05646822412E-09
 50  33 -4.60525159016E-09 -2.82170522547E-09
 50  34 -8.46646934969E-10 -2.72923357121E-09
 50  35 1.19140447708E-09 2.06743519414E-11
 50  36 2.13633970167E-11 4.50869360570E-11
 50  37 -7.33835011531E-10 -1.41287700458E-09
 50  38 -1.02410062837E-09 -5.63553141539E-09
 50  39 -5.29540912171E-09 9.19458922215E-09
 50  40 2.87486487160E-09 6.34128761784E-09
 50  41 -6.35872270084E-09 -4.96647387289E-09
 50  42 5.69964345835E-09 -4.09664387180E-09
 50  43 -5.25670953923E-10 -2.39743492902E-09
 50  44 8.10754440067E-11 -1.04560622110E-09
 50  45 -3.14926097646E-09 5.12174359323E-09
 50  46 -4.25352776842E-09 1.83310979154E-09
 50  47 -5.60348447199E-09 -1.12656390145E-08
 50  48 9.53309070729E-10 -3.02740135270E-10
 50  49 2.27056130491E-09 -4.59809288584E-09
 50  50 5.43852125284E-09 1.48027432095E-09
 51   0 -4.78852906152E-09 0.0
 51   1 1.65448879203E-09 3.09496900170E-09
 51   2 -6.91163230511E-09 -1.02424145195E-09
 51   3 -4.45072990548E-09 -7.39783900700E-09
 51   4 1.07862093860E-09 2.38350141509E-09
 51   5 -2.99281893891E-09 -3.75648728774E-09
 51   6 9.69683625382E-10 -3.24821242044E-09
 51   7 -1.33631031315E-09 3.13043952153E-09
 51   8 1.40076132569E-09 4.31755870883E-09
 51   9 -9.80604470473E-10 -3.70145819407E-09
 51  10 3.78436368064E-09 -2.65266824717E-09
 51  11 -3.74059224395E-09 2.01615715509E-10
 51  12 -4.46097494783E-09 1.95046274671E-09
 51  13 -1.00647188903E-08 -9.35483871177E-10
 51  14 1.59662682825E-09 3.09998025659E-10
 51  15 8.69325090323E-10 -7.13242386970E-10
 51  16 -1.55429120706E-09 -1.71810008494E-09
 51  17 3.68342905878E-09 -7.85957237694E-10
 51  18 1.46813444457E-09 -7.16778610111E-10
 51  19 7.80408755157E-10 -2.37742618011E-10
 51  20 5.47640650181E-10 3.14260512103E-11
 51  21 1.57213788884E-09 9.43981648887E-10
 51  22 -2.93201598437E-09 -2.68766846418E-09
 51  23 -2.26696186680E-09 2.44336906441E-09
 51  24 3.59980107911E-09 -6.25545175651E-09
 51  25 6.79169423684E-09 -9.23894591596E-10
 51  26 -1.29912779158E-09 -3.69475569102E-09
 51  27 4.83522731978E-09 -8.56476573320E-09
 51  28 3.58441313397E-09 6.67546478930E-09
 51  29 -2.42183222058E-09 1.47517738461E-09
 51  30 1.72557928699E-09 3.32303426609E-09
 51  31 3.69498751102E-11 5.06414192921E-09
 51  32 2.44832382029E-09 2.15016597641E-09
 51  33 -2.60951560956E-09 1.52467819183E-09
 51  34 -4.45744930366E-09 -8.63806533372E-10
 51  35 3.69235278447E-09 2.35190616000E-09
 51  36 -6.29900505072E-09 3.09623528058E-09
 51  37 -2.42400438574E-09 -5.67725678009E-09
 51  38 1.93754531091E-09 -3.78749955299E-09
 51  39 5.18352079008E-09 7.19433643060E-10
 51  40 -3.75486240128E-09 -3.93594099185E-10
 51  41 1.59750736122E-09 1.84347565682E-09
 51  42 1.08532103906E-10 3.38187726465E-09
 51  43 -4.70417318861E-09 2.05620529202E-09
 51  44 5.84039476486E-11 1.78729403019E-10
 51  45 -9.27158699375E-09 -6.78445566504E-09
 51  46 4.43259167266E-10 -2.46157692683E-10
 51  47 3.98850604058E-09 -7.60135354959E-10
 51  48 3.82558746574E-09 7.30210650201E-10
 51  49 -1.81638949324E-09 -2.53318816235E-09
 51  50 -1.72644351841E-09 6.31693515247E-09
 51  51 -5.82872452602E-10 3.54595341491E-09
 52   0 8.76798415038E-10 0.0
 52   1 -1.38149504612E-09 -5.66141032087E-09
 52   2 3.48364326350E-09 5.28635614369E-10
 52   3 1.04639112365E-09 -1.52285642150E-09
 52   4 3.56882248468E-09 1.39421708045E-09
 52   5 -1.63843059269E-10 -1.82640064987E-09
 52   6 -5.63235939456E-09 -9.11110911449E-10
 52   7 -4.13416223316E-09 -1.98030857354E-09
 52   8 1.08089612653E-09 -1.05065267547E-09
 52   9 -2.25309257496E-09 -4.90274273266E-09
 52  10 4.91656770818E-10 -2.31790903351E-09
 52  11 8.49623162948E-10 8.98170634527E-10
 52  12 -6.91730485478E-10 -3.96596661360E-09
 52  13 -2.80416862125E-09 4.12310466404E-09
 52  14 2.97139900464E-09 -8.19405857264E-10
 52  15 3.06839598366E-09 1.73170730103E-09
 52  16 1.07700561094E-09 2.15016768756E-09
 52  17 5.61929147521E-10 8.10485321770E-10
 52  18 6.75741259998E-11 -1.07335546225E-10
 52  19 -1.73138045774E-10 2.00872122499E-09
 52  20 2.51637593884E-09 -2.89273296191E-09
 52  21 9.37180963914E-10 7.74653352356E-10
 52  22 -2.89525384544E-09 3.70971902518E-09
 52  23 4.80122048791E-09 1.55755670903E-09
 52  24 -2.08857463529E-10 3.49443560599E-10
 52  25 2.73016605838E-09 -1.93509914465E-09
 52  26 -6.18933970400E-09 -3.00014001463E-09
 52  27 1.89914827584E-10 -6.27744893780E-09
 52  28 2.34014763514E-09 1.68041304691E-09
 52  29 -6.15123463755E-09 -3.67669689958E-09
 52  30 -1.95803506717E-09 4.34824140520E-10
 52  31 2.00437807228E-09 -2.04131283777E-09
 52  32 4.08993889535E-09 -5.23524692142E-09
 52  33 7.23079678391E-10 -2.91243158525E-10
 52  34 5.34859301188E-09 -1.19616795311E-09
 52  35 7.26948679527E-09 6.73138495306E-09
 52  36 1.17843147736E-09 5.69157012149E-09
 52  37 -9.48668092726E-09 2.98854532104E-09
 52  38 -1.11739091298E-09 -1.24860923571E-09
 52  39 -1.67662613749E-09 -1.06068350465E-09
 52  40 -1.13236137208E-08 -1.83763617102E-09
 52  41 -2.93883842917E-09 -3.82351912283E-09
 52  42 -7.90417692905E-10 -6.32294388707E-09
 52  43 5.11631394838E-09 -2.52698911853E-09
 52  44 -1.03301111307E-09 -1.71435313965E-10
 52  45 2.30203733625E-09 -1.01649106263E-09
 52  46 3.30713738381E-10 3.38338658619E-09
 52  47 -3.42160762848E-09 5.02983249995E-09
 52  48 2.65608159513E-09 3.39022454564E-09
 52  49 -7.54977682827E-09 5.93284589932E-09
 52  50 -4.29943770193E-09 -1.39840789316E-09
 52  51 -5.41323422773E-09 -2.49975427841E-09
 52  52 -3.36745901588E-09 -4.30724346481E-09
 53   0 7.39414500534E-09 0.0
 53   1 -3.04714121131E-10 8.82158903150E-10
 53   2 7.28838690522E-09 -6.52238121107E-10
 53   3 -2.12399359799E-09 2.24066337671E-09
 53   4 3.58717617839E-09 7.96897102454E-10
 53   5 -6.80147649549E-11 -3.30758922189E-09
 53   6 9.44316471102E-10 5.79133262935E-11
 53   7 1.34064723070E-09 -5.81577428182E-09
 53   8 2.10280419261E-09 -2.75802191871E-10
 53   9 1.42087015325E-09 -2.15146201705E-09
 53  10 1.11943104826E-08 -4.06468761962E-09
 53  11 2.14433930045E-09 -4.14953157237E-11
 53  12 -3.71500888101E-10 -5.00637453903E-09
 53  13 4.10155822309E-09 2.49015949605E-09
 53  14 3.31222863068E-09 -1.27009360724E-10
 53  15 5.72510148935E-09 4.17251295110E-09
 53  16 -7.52500326838E-10 6.04404526863E-09
 53  17 -3.73377656741E-09 1.78687083274E-09
 53  18 4.02996320836E-09 2.46577217520E-09
 53  19 4.04985705330E-09 -1.08755861495E-09
 53  20 -2.21359989072E-09 -1.50377589353E-09
 53  21 -2.21311768440E-09 2.61974358958E-09
 53  22 3.09403878851E-10 5.98902367107E-09
 53  23 3.97356356698E-09 -4.70495102021E-09
 53  24 -5.76088117962E-09 5.75114156525E-09
 53  25 6.11403651036E-10 -6.50681640058E-09
 53  26 -1.66751531536E-09 2.71923696222E-09
 53  27 3.18331377085E-10 -3.16805881777E-09
 53  28 9.65637477157E-10 3.28935502086E-09
 53  29 -6.85396185457E-09 -1.68422797685E-09
 53  30 -5.25371139751E-09 -6.32579167986E-09
 53  31 -3.12617962003E-09 2.64208621023E-09
 53  32 2.64522150816E-09 -1.79270110503E-09
 53  33 -9.82876370374E-10 2.67682650237E-09
 53  34 -4.99020528324E-09 -7.47799760824E-09
 53  35 1.27630262449E-09 -3.82799570433E-09
 53  36 3.34864016333E-09 2.47766926720E-09
 53  37 -2.36880526065E-09 6.84918482541E-10
 53  38 1.81251969469E-09 -2.58686721606E-09
 53  39 -2.22992439070E-09 -2.22626260082E-09
 53  40 -3.53715648948E-10 -1.17670852432E-09
 53  41 7.38444991140E-09 -6.50163479310E-09
 53  42 5.05700211397E-09 2.70769985181E-09
 53  43 -8.69327874384E-10 4.47494835684E-09
 53  44 1.88549992134E-09 -1.92998657957E-10
 53  45 -7.17045019834E-09 2.66972378251E-09
 53  46 -1.88345296316E-10 -5.39599318434E-09
 53  47 -5.39807588885E-10 5.57888382466E-09
 53  48 -3.23947926918E-09 -3.23766274929E-09
 53  49 -1.19368777918E-09 -3.85656430328E-09
 53  50 8.23580014839E-09 1.64398216370E-09
 53  51 2.66743822325E-09 6.24216504149E-10
 53  52 5.94537166850E-09 7.88573350628E-11
 53  53 3.06538339589E-09 5.33419694020E-09
 54   0 2.34445433733E-09 0.0
 54   1 -1.63325750131E-09 2.72579797239E-09
 54   2 6.21065924844E-10 -1.53344334067E-09
 54   3 6.17655726607E-09 1.72231850265E-09
 54   4 -1.53756024938E-09 -5.38503215163E-09
 54   5 1.71025148024E-09 -2.10045694038E-09
 54   6 2.71712290141E-09 -4.00601085224E-09
 54   7 2.49375278882E-09 1.66739205495E-09
 54   8 3.09536123212E-09 -2.20912248616E-09
 54   9 3.94544793580E-09 7.97083290065E-09
 54  10 1.75731695302E-09 -1.11323825920E-09
 54  11 4.87117619523E-09 7.52762912362E-10
 54  12 -6.63046613101E-10 -1.93330478441E-09
 54  13 3.67538937609E-09 3.80757774933E-10
 54  14 -3.49951073582E-09 1.05651608830E-09
 54  15 3.56355689655E-09 -3.87379098933E-09
 54  16 -2.63366819981E-09 1.42492006524E-09
 54  17 -8.33782483479E-10 5.59438560117E-09
 54  18 2.29195253770E-09 -1.08492585917E-09
 54  19 8.14671390685E-09 -1.25445329655E-09
 54  20 -2.00947462688E-09 -5.07703414709E-10
 54  21 -3.55057635353E-09 2.33962811701E-09
 54  22 -2.41081442258E-09 3.47823958258E-09
 54  23 2.71765348294E-10 -1.67141963556E-09
 54  24 2.64677470591E-09 4.41949360703E-09
 54  25 -3.32077069935E-09 -2.97584290355E-09
 54  26 4.16470815837E-09 -2.16171935118E-09
 54  27 -8.85142158375E-11 5.13309529866E-09
 54  28 -1.59440736943E-09 -8.21976428490E-10
 54  29 -2.59246265180E-09 1.48856515604E-09
 54  30 2.04987526060E-09 1.47028551165E-09
 54  31 4.72639113262E-11 4.40069472270E-09
 54  32 -2.03356228750E-09 1.76053276479E-09
 54  33 -5.89151694068E-09 9.87055800376E-10
 54  34 -8.25136356724E-09 -3.75714117336E-09
 54  35 6.09892821968E-10 -8.38514526043E-09
 54  36 2.15656594032E-09 -6.44497084335E-09
 54  37 2.06053274120E-09 1.76198487716E-09
 54  38 -5.48211323718E-10 -7.91954907407E-10
 54  39 7.94629016052E-09 -1.78556545348E-09
 54  40 2.56945921061E-09 7.09146429051E-10
 54  41 5.99241321284E-09 3.53821528590E-09
 54  42 6.09090280984E-09 6.24258654012E-09
 54  43 -2.00658210931E-09 3.84550094672E-09
 54  44 -2.27399790479E-09 3.69030540504E-09
 54  45 -1.72329669734E-09 -5.59133662137E-09
 54  46 1.35943570556E-09 -4.55557936708E-09
 54  47 -2.28466276628E-09 3.05954138516E-09
 54  48 3.70267003252E-09 1.73978075968E-09
 54  49 -1.17939203022E-10 3.69808287361E-10
 54  50 -1.93513576999E-09 -7.57303757470E-10
 54  51 4.81956704621E-09 3.78443727810E-09
 54  52 1.50120526365E-09 -2.15128841698E-09
 54  53 -4.12854244119E-09 2.98108912543E-09
 54  54 -7.55485762212E-09 5.65281315607E-09
 55   0 1.11500556632E-09 0.0
 55   1 -1.60872597407E-09 5.06314867009E-09
 55   2 -2.07675413854E-09 -2.02932744990E-09
 55   3 4.78360486889E-09 3.16338271835E-09
 55   4 -2.80572537025E-10 1.74272743901E-09
 55   5 6.41513424294E-09 4.32492098613E-09
 55   6 -3.01434563476E-09 -1.83270290375E-09
 55   7 2.07489314991E-09 3.43334353979E-09
 55   8 -3.75207283040E-09 3.92255136258E-10
 55   9 2.75263092641E-09 2.04139708981E-09
 55  10 -3.21784480116E-10 3.79120101535E-09
 55  11 1.95737046947E-09 2.68965956784E-09
 55  12 1.19490109098E-09 3.82865321011E-09
 55  13 1.25350979551E-09 -5.99559166554E-10
 55  14 -9.45489519281E-10 6.67858672733E-10
 55  15 -1.86643859266E-09 -5.28279106940E-09
 55  16 -4.14012310247E-09 1.18191255826E-11
 55  17 -1.67262783538E-09 -4.20372330524E-10
 55  18 -1.17378265358E-09 7.18757033512E-09
 55  19 1.15880262798E-09 -4.88672190986E-10
 55  20 -1.09134081955E-09 1.12852704124E-09
 55  21 7.63011490955E-10 -3.07131265813E-09
 55  22 3.67528505661E-09 -2.21708758740E-09
 55  23 1.72904178175E-09 5.65769224107E-09
 55  24 6.47552695616E-09 4.04132843393E-09
 55  25 -4.80503497105E-09 1.14863568800E-09
 55  26 -9.15506578401E-10 -1.57512079402E-09
 55  27 -4.09805539164E-09 3.58860394496E-09
 55  28 7.32641207577E-10 1.68847117120E-10
 55  29 2.34535030056E-09 -5.81713354439E-10
 55  30 4.86390626966E-09 -5.45654234076E-10
 55  31 -6.94349724743E-11 1.45812620579E-09
 55  32 -5.40225256568E-10 1.27646466703E-09
 55  33 2.43334203217E-09 -5.02404069993E-10
 55  34 -1.98951749851E-09 1.01116253467E-09
 55  35 2.85139793612E-09 -3.05282697978E-09
 55  36 1.91380314399E-09 4.98852051077E-09
 55  37 -3.15219070359E-09 5.93331277835E-09
 55  38 -7.56041746326E-09 9.84901693652E-10
 55  39 -1.06689496608E-09 -4.37482048460E-09
 55  40 2.03535952813E-09 -4.66387996652E-09
 55  41 3.93834082651E-09 -2.19387599178E-10
 55  42 2.75834297118E-09 -2.79628803078E-09
 55  43 9.07957899493E-10 8.40868060464E-10
 55  44 8.00817837274E-09 -2.41478128320E-09
 55  45 1.18785037967E-09 4.26953178683E-09
 55  46 -3.06732675697E-09 -2.15810894136E-09
 55  47 3.41200900365E-09 3.41423275214E-10
 55  48 -4.78930228198E-09 -2.05983243604E-09
 55  49 2.79038478352E-09 -1.88984039871E-09
 55  50 -3.41046654256E-09 8.86594689152E-10
 55  51 -3.23203516496E-10 4.71644852681E-09
 55  52 -4.05016326974E-09 -3.01198652842E-09
 55  53 7.26972758344E-10 2.07297807512E-09
 55  54 -5.60482631431E-09 -5.70982039368E-09
 55  55 2.09121265420E-09 -7.07073270661E-09
 56   0 -4.72339389186E-09 0.0
 56   1 3.93187516478E-09 3.37742314575E-09
 56   2 -4.91199959679E-09 4.84133406549E-09
 56   3 -1.12307325000E-09 1.54654210299E-09
 56   4 -1.90960361942E-09 6.06621965430E-09
 56   5 2.39124727679E-09 7.24440138913E-10
 56   6 -7.97825586227E-09 7.30944564463E-10
 56   7 2.12416853387E-09 -8.57976125108E-10
 56   8 -4.72264552586E-09 -3.62688140057E-09
 56   9 4.17406631345E-09 8.89209706279E-10
 56  10 -4.41615648750E-09 1.22951687667E-09
 56  11 2.98567564750E-10 3.11918333619E-09
 56  12 4.22220007761E-10 4.13537925932E-09
 56  13 3.63075203614E-10 5.57427443402E-09
 56  14 -1.20038874868E-09 3.59461966057E-09
 56  15 -2.43193187397E-09 1.50784402128E-09
 56  16 1.76375553852E-09 -3.48352623489E-09
 56  17 -8.27228754412E-09 -2.45109719712E-10
 56  18 -2.96687367692E-09 3.35022649840E-09
 56  19 -1.45695909020E-09 7.52664839174E-10
 56  20 4.95674336378E-09 -1.24093608223E-09
 56  21 4.34010132857E-10 -3.62599395105E-09
 56  22 1.02903480851E-09 3.66768421992E-10
 56  23 2.18140248955E-09 4.02218260274E-09
 56  24 1.48670018695E-09 -2.34022367466E-10
 56  25 -2.02983225226E-09 2.66286166900E-09
 56  26 2.35098396283E-09 -4.80905595577E-09
 56  27 7.69884673858E-10 3.65897609930E-09
 56  28 -3.47706836778E-09 1.21392534223E-09
 56  29 4.58476012609E-09 -3.30989008906E-09
 56  30 -8.90571422954E-10 1.91903209074E-09
 56  31 6.23190857099E-11 -6.00634153014E-09
 56  32 3.36744529472E-09 -2.46952130176E-09
 56  33 6.00258596104E-09 1.83850057556E-09
 56  34 2.38699258827E-09 1.05704445326E-09
 56  35 -1.26506624230E-09 2.04344608836E-10
 56  36 3.36487614780E-09 -1.76634400966E-09
 56  37 2.65007318281E-09 5.47726339379E-09
 56  38 1.34152886307E-09 4.30628684803E-09
 56  39 -1.11997228481E-09 -3.74794567494E-09
 56  40 2.60773503449E-09 3.84145713821E-09
 56  41 -8.41413420568E-10 2.38307078957E-09
 56  42 -4.57278944483E-09 -1.67354031195E-10
 56  43 -7.08679339990E-10 -4.64484669076E-09
 56  44 1.46770567139E-09 2.33734816689E-09
 56  45 4.36036299170E-09 -7.66352488156E-10
 56  46 3.83046528394E-09 -4.64542462872E-09
 56  47 7.60128547162E-09 2.63665894884E-09
 56  48 -1.93561135253E-09 -3.14425423758E-09
 56  49 5.13841446824E-09 6.12618507594E-09
 56  50 -4.24203285154E-09 1.10142149502E-09
 56  51 2.60851617544E-09 -1.11959453734E-09
 56  52 -3.97720336952E-09 -2.00369967740E-09
 56  53 -9.47121716778E-09 -3.55057178782E-10
 56  54 -6.94814016529E-09 -1.69137671201E-09
 56  55 7.98865468552E-11 -3.11735215880E-09
 56  56 1.47399949068E-09 -1.45242215051E-09
 57   0 -3.21170195605E-09 0.0
 57   1 3.21316836111E-09 -2.88667726745E-09
 57   2 -2.69363244343E-09 1.89537069823E-09
 57   3 -5.68390427578E-09 3.99187444828E-09
 57   4 -7.60632653945E-09 -1.49323176287E-09
 57   5 -3.24700065576E-09 1.15421916053E-09
 57   6 6.61702166546E-11 -3.38009595419E-10
 57   7 -4.48989081521E-10 -3.99713445387E-10
 57   8 4.46417839566E-09 9.96642939907E-09
 57   9 4.99167409253E-10 -4.98881717263E-09
 57  10 -1.38524164590E-09 3.44921406019E-09
 57  11 -5.19522955267E-09 -7.54439426466E-09
 57  12 4.37374747378E-09 5.79072594074E-09
 57  13 1.44772887449E-09 -1.98649438294E-09
 57  14 -5.77964835255E-10 6.27215648109E-09
 57  15 3.94955380257E-10 3.67834142727E-09
 57  16 -8.95734559548E-10 -4.28575969194E-09
 57  17 -1.12217369185E-09 -2.15050942731E-10
 57  18 1.48732682437E-09 3.74728890857E-11
 57  19 -4.27202539236E-09 4.14527968236E-09
 57  20 2.97692629891E-09 2.17910165146E-09
 57  21 -2.85791328884E-10 1.29265392075E-10
 57  22 2.72556998882E-09 1.25406361653E-10
 57  23 -2.72373503201E-09 -4.70603169853E-10
 57  24 -1.72321207592E-09 -2.49534066392E-09
 57  25 6.92462985520E-09 -2.15145597759E-09
 57  26 -2.11476949688E-09 -4.86339742290E-09
 57  27 6.70002950588E-10 7.02037588492E-10
 57  28 -3.93997936578E-09 -4.81797938235E-10
 57  29 3.08242394642E-10 -2.08250614945E-09
 57  30 6.38671671001E-09 3.02153834789E-09
 57  31 -7.82870397906E-10 -2.60088824520E-09
 57  32 3.15570240884E-10 -1.37701877645E-09
 57  33 1.01302715301E-09 3.32687130304E-09
 57  34 -2.37378898142E-09 1.66067712161E-09
 57  35 -3.87135453191E-10 -3.90074040579E-09
 57  36 -7.76337112424E-10 -6.19562839282E-09
 57  37 2.35898417363E-09 2.88691601848E-09
 57  38 4.71900941691E-09 3.88845627051E-09
 57  39 1.95771266870E-09 1.39326869442E-10
 57  40 1.63204331066E-09 7.61024587558E-10
 57  41 -1.23608606742E-09 1.48398991073E-09
 57  42 -8.01739032031E-09 1.65925084437E-09
 57  43 -1.94721182310E-09 -6.96223907704E-09
 57  44 1.48545488699E-09 6.08475106630E-10
 57  45 -1.28048424926E-09 3.93979412010E-09
 57  46 -4.36866174492E-09 2.62332157302E-09
 57  47 5.46502666692E-10 -1.49261021303E-09
 57  48 -1.22176218276E-09 4.76252215549E-09
 57  49 5.94210177780E-10 -2.95814148934E-09
 57  50 -1.26176074296E-09 -4.07107776326E-09
 57  51 -2.89691401244E-09 -3.54285578396E-09
 57  52 2.82291628743E-09 -5.93637790965E-10
 57  53 3.26879105716E-09 -1.86559579312E-09
 57  54 -6.21522105116E-09 2.85042203396E-09
 57  55 2.69124869207E-09 8.78840270571E-10
 57  56 8.17472289691E-10 2.43710618039E-09
 57  57 -2.87988697290E-09 -3.27463131606E-09
 58   0 -3.04026167193E-09 0.0
 58   1 -1.08478222238E-09 -1.32928017843E-09
 58   2 9.23188476856E-10 4.80603297668E-09
 58   3 -2.06649260359E-09 -6.95744636399E-09
 58   4 -3.27865597852E-09 5.32278571511E-11
 58   5 2.12675298762E-09 -2.92812252454E-09
 58   6 8.33902828255E-10 5.51974543542E-10
 58   7 -6.67899299463E-09 2.59007304356E-09
 58   8 3.29236954324E-09 5.33880910177E-09
 58   9 -4.61158209822E-09 -6.27355092632E-09
 58  10 2.91327049230E-10 -2.26859359435E-09
 58  11 -2.61942590593E-09 -4.47355541188E-09
 58  12 1.78221947371E-09 -4.77354015580E-10
 58  13 -3.96530233357E-09 -1.32965315696E-09
 58  14 3.48940083326E-09 -2.68100081998E-09
 58  15 1.16488140214E-09 8.90751460346E-10
 58  16 2.57363716205E-09 -3.19905406084E-09
 58  17 4.02538157319E-09 1.85694240803E-09
 58  18 2.82093688921E-09 -1.06405390043E-09
 58  19 1.70126071630E-09 -3.34731919564E-10
 58  20 -2.51187789653E-09 1.42719074798E-09
 58  21 -9.58199433933E-10 4.67151219042E-09
 58  22 3.58477651027E-09 -3.01829681057E-09
 58  23 -2.31450839572E-10 1.93661530796E-09
 58  24 -3.78325445015E-09 -1.69872441251E-09
 58  25 2.56044797918E-09 -2.54378658689E-09
 58  26 -1.27782193538E-09 1.73767371058E-10
 58  27 -3.23354377687E-09 -5.04501281974E-09
 58  28 -2.59227169682E-09 -2.36734585774E-09
 58  29 2.97554666907E-09 -2.85652687635E-09
 58  30 6.04569531877E-09 3.75516024362E-09
 58  31 -3.43248065391E-09 1.46238074061E-09
 58  32 2.37476582107E-09 1.45244777155E-09
 58  33 -7.52607182802E-10 1.05308043232E-09
 58  34 -8.65323753819E-10 2.04104334763E-09
 58  35 -2.77001345849E-09 -5.52538116119E-10
 58  36 -3.32562035783E-09 -2.15376532524E-09
 58  37 3.12471423796E-09 -3.01068285636E-09
 58  38 -5.36442273703E-09 2.08224214773E-09
 58  39 6.47653277498E-10 -1.42910140132E-09
 58  40 1.50460554912E-09 -4.24935039663E-09
 58  41 1.15092601553E-09 3.32051250227E-09
 58  42 9.60297889844E-10 -2.27838795598E-09
 58  43 -5.41112669807E-10 -2.35418031119E-09
 58  44 6.15805210195E-09 1.87828424448E-10
 58  45 -5.20846410811E-10 4.70659085081E-09
 58  46 1.21774908189E-09 2.29075575035E-09
 58  47 6.27576293450E-10 1.42648810667E-12
 58  48 -1.66101437469E-09 -3.67587707399E-09
 58  49 1.86732868852E-09 -5.66898467398E-10
 58  50 -7.42645959521E-11 6.85663459878E-09
 58  51 1.14891050865E-09 -2.25897684441E-09
 58  52 -4.82025203156E-10 5.29942225131E-09
 58  53 -4.87462818405E-09 -2.49783280379E-09
 58  54 -2.51333548471E-09 -6.16985109964E-10
 58  55 7.59018979346E-10 -3.09255861920E-09
 58  56 -1.10867227254E-09 -1.66085135977E-10
 58  57 -2.28410674649E-09 -5.04239243654E-11
 58  58 -5.64538331798E-11 4.01348376492E-10
 59   0 1.84005018738E-09 0.0
 59   1 -4.30730603856E-09 -2.16359686553E-09
 59   2 5.95774155105E-09 1.03250055770E-09
 59   3 -2.79425731530E-09 -5.47527651961E-09
 59   4 3.42609272674E-09 2.16523988709E-09
 59   5 -6.12026756307E-10 -2.62667061889E-09
 59   6 -5.72183306744E-09 -6.18209980288E-10
 59   7 -3.16077742158E-09 1.45699524002E-09
 59   8 3.90720086374E-09 1.31751660683E-10
 59   9 -1.94638915066E-09 -4.24376407330E-10
 59  10 5.38522927253E-09 -5.23977027157E-09
 59  11 3.71827948125E-10 1.19995874003E-09
 59  12 2.52165719682E-09 -3.72136186831E-09
 59  13 -4.89966078375E-09 -7.49361004805E-10
 59  14 4.44396886733E-10 -5.79434523422E-09
 59  15 6.51777807787E-12 -3.70360709563E-09
 59  16 -2.36862263524E-09 -6.79732453768E-10
 59  17 2.94401448351E-09 5.16256822799E-12
 59  18 3.56280802208E-09 2.56629828140E-10
 59  19 -2.25211043514E-10 -3.64892538339E-09
 59  20 -4.06561794516E-09 -1.46977612614E-09
 59  21 4.37576687887E-09 1.44078004641E-10
 59  22 1.07081104606E-09 -3.60055970698E-09
 59  23 4.55862213443E-09 3.44192591105E-09
 59  24 5.46932841364E-10 -4.21932442293E-10
 59  25 1.27842334291E-09 -1.93946585452E-09
 59  26 7.30577396232E-10 9.86497764193E-09
 59  27 -2.20629326241E-09 -1.47362403917E-09
 59  28 6.43123404123E-10 -1.96232323430E-10
 59  29 -3.71544563337E-09 -1.22550888905E-09
 59  30 -2.68565202994E-09 -1.24940890701E-09
 59  31 -2.07613642361E-09 4.00778058367E-09
 59  32 1.21731266443E-09 -1.50178902545E-10
 59  33 -7.84371886852E-10 -5.68998710094E-10
 59  34 2.43208998238E-09 1.36247407312E-10
 59  35 -1.41817747360E-09 -6.53346491469E-10
 59  36 2.02347644318E-10 8.31447453024E-10
 59  37 -9.23895659751E-10 -2.34310018371E-09
 59  38 -1.39281956666E-09 4.65064635060E-09
 59  39 -1.94835135401E-09 1.03150695653E-09
 59  40 -8.43612810676E-09 1.67520306335E-09
 59  41 -1.74413081545E-09 1.61990099703E-09
 59  42 -2.23434078315E-09 -1.91971908370E-09
 59  43 -2.52970362960E-09 -2.47765221813E-09
 59  44 5.71900132781E-09 -3.48662561791E-09
 59  45 6.61643059435E-09 -1.67206511864E-09
 59  46 4.70987199525E-09 1.54226897685E-09
 59  47 -1.95302174379E-10 5.48211295739E-09
 59  48 3.01958964219E-09 6.14997097285E-09
 59  49 -2.06991305996E-09 3.40548763489E-09
 59  50 -4.11924401562E-09 2.65937731790E-09
 59  51 -3.83283085075E-10 -4.99876420993E-10
 59  52 -5.94199746286E-09 -8.61782585181E-10
 59  53 -3.87109442684E-10 -3.44263672292E-09
 59  54 -2.95940307214E-09 -2.23449633871E-09
 59  55 -6.95084157022E-10 1.92258240027E-09
 59  56 3.65564741882E-09 -2.51518218787E-09
 59  57 3.44982010469E-09 -2.31599725831E-09
 59  58 8.16880688302E-10 -2.43743735830E-09
 59  59 2.50955492584E-09 6.95639719744E-10
 60   0 -4.37107330818E-10 0.0
 60   1 1.35037939308E-09 2.27325905103E-10
 60   2 3.54148990661E-09 -2.09618034496E-09
 60   3 2.94252688874E-09 2.82304181314E-11
 60   4 7.13911472626E-09 5.42786835988E-12
 60   5 -2.14648651625E-09 -5.08402206590E-10
 60   6 -4.31103089415E-09 -2.95073660250E-09
 60   7 -1.85258364164E-09 -2.53159133173E-09
 60   8 2.57762138479E-09 -1.12968653689E-09
 60   9 6.22513383718E-10 2.15297421750E-09
 60  10 4.35474215331E-10 -2.63640978613E-09
 60  11 2.65279568549E-09 4.26794283564E-09
 60  12 9.19528355618E-10 -3.15789781771E-09
 60  13 -5.14191599279E-10 -7.46402264962E-10
 60  14 -2.47185393426E-09 -1.37176619352E-09
 60  15 1.09604770699E-09 1.31271073866E-10
 60  16 -3.34911199570E-09 -8.90593127112E-10
 60  17 -4.96588408804E-09 1.63819818821E-09
 60  18 -2.31564319275E-09 -2.65425713522E-09
 60  19 3.58477719971E-09 -2.11652530221E-09
 60  20 -9.65281468037E-10 4.71648908653E-11
 60  21 1.13735842658E-09 -4.65494517033E-09
 60  22 3.19231598114E-09 3.82189912470E-09
 60  23 6.47045604201E-09 -2.66838377370E-09
 60  24 -1.91270019584E-09 1.20485640133E-09
 60  25 1.41091285156E-09 5.69978420103E-10
 60  26 3.69920738748E-09 4.03654982377E-09
 60  27 -4.33668934222E-09 2.00533142094E-09
 60  28 1.40330308999E-09 -1.51901856059E-09
 60  29 2.05208494076E-09 2.93958904408E-09
 60  30 -4.41072085568E-09 -2.59255339113E-09
 60  31 3.95452765995E-09 4.67851945535E-10
 60  32 -6.53222531186E-10 -3.15564592724E-10
 60  33 -4.72827010055E-09 4.02285031160E-09
 60  34 4.59026806936E-09 -2.36928246359E-09
 60  35 1.42971814932E-09 5.61852956581E-10
 60  36 8.71633328024E-10 -4.91677668181E-11
 60  37 -2.90019034808E-09 7.12651714058E-10
 60  38 1.31594119427E-09 -1.32657347622E-11
 60  39 -2.24306948157E-09 -5.36564726301E-09
 60  40 -6.00658998713E-10 9.54469898470E-10
 60  41 -7.89338924393E-10 -1.04686250574E-09
 60  42 1.71092096933E-09 3.10437318149E-09
 60  43 4.43542188328E-09 7.96344058695E-10
 60  44 1.43059991847E-09 -8.08503442174E-10
 60  45 4.13939240764E-09 -3.91776207592E-09
 60  46 1.18713985523E-09 3.48857058951E-10
 60  47 7.79446801294E-10 1.97923464992E-09
 60  48 -4.47906455800E-09 -3.72644360805E-09
 60  49 5.94065668151E-09 -4.46389160256E-09
 60  50 3.56705231468E-09 3.84698960264E-09
 60  51 -2.95789519005E-09 -5.80274740616E-10
 60  52 3.33304351432E-09 5.36871064211E-09
 60  53 -8.90121478107E-10 5.68046802894E-09
 60  54 4.75133911772E-09 -2.71008321877E-09
 60  55 2.38809469672E-09 2.89374229409E-09
 60  56 -1.45525193506E-09 -3.54195525281E-09
 60  57 -1.74421953297E-09 -3.22491239477E-10
 60  58 -1.44085465510E-09 2.31625272470E-09
 60  59 -2.32041311232E-09 1.20585444605E-09
 60  60 4.23068069789E-09 3.92983780545E-10
 61   0 2.91887463429E-09 0.0
 61   1 1.27100640554E-09 1.15278029680E-09
 61   2 1.46481071771E-10 -1.45575130609E-09
 61   3 -3.68191723212E-10 5.88826753023E-09
 61   4 1.87592636520E-10 -2.32339117817E-09
 61   5 5.66311223183E-10 -6.80700970491E-11
 61   6 3.82420801812E-09 -2.25351133926E-09
 61   7 6.60129802478E-10 1.24419034443E-09
 61   8 1.65261866822E-09 -7.32191178060E-10
 61   9 2.31920165264E-09 4.09650329931E-09
 61  10 -4.98575740811E-11 1.15262114540E-09
 61  11 2.14406016667E-09 3.75488837062E-09
 61  12 -7.95905785958E-10 -1.46438312123E-09
 61  13 4.28581019782E-09 -1.47641757488E-09
 61  14 -1.14020536760E-09 1.13045597617E-09
 61  15 2.25602914427E-09 -1.33254977828E-09
 61  16 -2.61306665773E-09 -3.27265930812E-10
 61  17 -1.11154836346E-09 1.54668158602E-09
 61  18 -3.84844407383E-09 -3.71574325194E-09
 61  19 1.14729122988E-09 1.86094245281E-09
 61  20 3.58697501171E-09 1.22711361558E-09
 61  21 -3.30713394959E-09 2.95584825461E-09
 61  22 1.61709639793E-09 2.28492854556E-09
 61  23 -5.37091465296E-09 -7.24986447496E-10
 61  24 3.87431014670E-09 3.47911082821E-09
 61  25 7.39109788472E-10 -2.45196023626E-09
 61  26 1.04840831653E-09 -4.43478517383E-09
 61  27 -1.55773079848E-10 7.96767958532E-10
 61  28 6.10151064993E-09 -1.94880328424E-09
 61  29 -9.31170259035E-10 2.76205645541E-09
 61  30 -8.53996273305E-11 1.00912179040E-09
 61  31 2.82556619158E-09 2.55162418629E-10
 61  32 -7.13300947942E-11 5.34962387181E-09
 61  33 -3.34181483128E-09 -2.52817172663E-13
 61  34 1.53688926359E-09 -2.66572762194E-09
 61  35 -2.27754986539E-09 1.84788936469E-09
 61  36 -1.38831515254E-09 1.43770460288E-09
 61  37 -3.78606444153E-09 -1.18351157417E-09
 61  38 -4.38270549644E-10 -7.02424824444E-09
 61  39 3.41992301732E-09 -2.84531817267E-09
 61  40 3.57186601972E-09 -2.63385467123E-09
 61  41 -2.69438012199E-10 -3.29472468104E-09
 61  42 3.89064894105E-09 3.17710263497E-09
 61  43 2.74882592267E-09 4.36628365878E-09
 61  44 8.97736938972E-10 5.29923435682E-09
 61  45 2.08983766357E-09 2.48661289187E-09
 61  46 -7.72928757681E-10 1.74006708418E-09
 61  47 -4.25987363821E-10 3.77167302466E-09
 61  48 1.50264740771E-10 2.48850110599E-10
 61  49 1.17185140367E-09 -1.05779456409E-09
 61  50 -1.35609966818E-09 2.82002159020E-09
 61  51 -3.86623269653E-10 2.40839662032E-09
 61  52 -4.21687251964E-09 -1.13634101790E-09
 61  53 -2.45536806531E-09 -4.46655907860E-09
 61  54 2.88866558053E-09 4.90645309938E-10
 61  55 5.34543115729E-10 -1.30335923758E-09
 61  56 3.27747235568E-09 2.99329733172E-09
 61  57 5.13363616131E-09 3.18683862790E-09
 61  58 -1.99497016106E-09 6.40896831887E-09
 61  59 -4.40785716237E-09 -2.11143899502E-09
 61  60 -2.83484430391E-09 -3.23756290223E-09
 61  61 -1.62902793279E-09 8.57870721552E-10
 62   0 2.60207481230E-09 0.0
 62   1 1.16017629665E-09 3.37733908336E-09
 62   2 -5.01970222671E-09 4.84997931443E-09
 62   3 5.51834864324E-09 1.51730880202E-09
 62   4 -3.16971201208E-09 -3.18759682781E-10
 62   5 3.75210299244E-09 1.72747428774E-09
 62   6 1.75879620500E-09 -5.99162691156E-09
 62   7 -1.84017411521E-09 2.39854854243E-09
 62   8 5.93805348645E-10 1.46920502501E-09
 62   9 2.63026066055E-09 -1.59005126125E-09
 62  10 -1.86264804107E-09 5.71819426307E-09
 62  11 1.59410801301E-09 2.45364835475E-09
 62  12 3.77058963932E-09 3.12148130027E-10
 62  13 3.25613324726E-09 -2.96045940208E-09
 62  14 1.91133253419E-09 7.36632375917E-09
 62  15 -1.48003576869E-09 -3.95761990580E-11
 62  16 2.08360183280E-09 -3.19414110768E-10
 62  17 -1.23513343836E-10 -2.29274795014E-09
 62  18 -3.65408431933E-10 6.49530111016E-10
 62  19 2.10667182582E-09 6.20977993584E-10
 62  20 2.66783108091E-09 3.55242602025E-09
 62  21 -2.17727237689E-09 1.53900421823E-10
 62  22 1.65181871911E-10 -1.15377345316E-09
 62  23 -3.56900495656E-09 -1.22778901526E-09
 62  24 4.16719190040E-09 1.02075915808E-09
 62  25 -2.07765023478E-09 -6.13622564554E-10
 62  26 -2.24856322953E-09 -2.13075979834E-10
 62  27 5.34667998788E-10 2.15499580350E-09
 62  28 8.28523980308E-10 -9.55817031537E-10
 62  29 1.24438608514E-09 3.56026512891E-09
 62  30 -4.72678574359E-09 -1.64089488542E-09
 62  31 -2.50140516558E-10 -3.40327894339E-09
 62  32 5.86595368810E-10 6.04913535906E-09
 62  33 -3.35518053404E-09 -3.89797338173E-09
 62  34 -6.34892133651E-10 -2.68418874835E-09
 62  35 4.81220188647E-09 -1.10508091210E-09
 62  36 1.98835694401E-10 1.45607681621E-09
 62  37 3.19893444370E-09 2.14678064239E-09
 62  38 -1.92040387090E-09 6.16716406564E-10
 62  39 3.34515812506E-09 4.14641645868E-10
 62  40 -1.97564343514E-09 -3.01796072455E-09
 62  41 -3.46235533318E-09 -2.28801858484E-09
 62  42 3.05698466749E-09 -3.75496202482E-09
 62  43 -1.49676292878E-09 -6.29497016877E-10
 62  44 2.14448524507E-09 1.88523590489E-09
 62  45 -8.34405746235E-10 -3.14473935361E-09
 62  46 -2.93265106212E-10 7.32113148782E-10
 62  47 -1.61097027092E-09 2.36067104981E-09
 62  48 -1.22663422627E-09 2.26863893585E-09
 62  49 -4.35640931502E-09 -1.16615535583E-09
 62  50 -1.63330757231E-10 2.14984110470E-09
 62  51 -4.38726738595E-09 -3.96802276471E-09
 62  52 3.93436610456E-09 -5.09667879958E-09
 62  53 -1.00799950303E-09 -2.80999022062E-09
 62  54 3.34171653799E-09 4.31980290801E-09
 62  55 4.15162955519E-09 2.89217219326E-11
 62  56 -3.15377993659E-09 -4.24081055503E-10
 62  57 1.05865954150E-09 -4.61880778887E-09
 62  58 -1.40569643369E-09 -1.53613608049E-09
 62  59 -5.52314195870E-10 -2.48370856354E-09
 62  60 1.04592888237E-09 1.33802317625E-09
 62  61 4.08644238679E-09 2.25718184321E-09
 62  62 -2.00900822244E-09 1.78784558995E-10
 63   0 -3.11323188816E-09 0.0
 63   1 -2.51686189527E-09 1.62316204256E-09
 63   2 -8.90843192658E-10 6.81718264686E-10
 63   3 -8.39031301916E-10 -2.44548956892E-09
 63   4 -2.10000366689E-09 5.43749942547E-09
 63   5 6.08074122005E-10 4.96799913037E-10
 63   6 1.85063953353E-09 3.98143826469E-09
 63   7 -9.45917248580E-10 2.40472808521E-09
 63   8 -2.89932004112E-09 3.38613792663E-09
 63   9 -1.74572409463E-10 -6.29234474447E-09
 63  10 2.91384908681E-10 1.86055697008E-09
 63  11 2.02338901184E-09 2.83416273653E-09
 63  12 3.22282127238E-10 -2.83718782931E-10
 63  13 1.91655460000E-09 2.91987267964E-10
 63  14 6.85614070457E-09 7.44701298692E-10
 63  15 -2.22292094265E-09 -1.46986358223E-10
 63  16 5.45586135526E-09 2.54471079790E-09
 63  17 8.19242799659E-10 -3.47276845232E-09
 63  18 3.24520334610E-10 9.58039385266E-10
 63  19 -3.49311292523E-09 1.04309515111E-09
 63  20 1.08548702371E-09 -6.20691942833E-10
 63  21 2.26077252841E-09 -1.71675559459E-09
 63  22 -1.95621527664E-09 -3.40025771807E-10
 63  23 1.55066871055E-10 1.22701010925E-09
 63  24 -2.99828306010E-10 -3.15879446620E-09
 63  25 -2.17502892099E-09 4.91124128506E-09
 63  26 -9.76369919400E-10 -2.98419489564E-09
 63  27 4.61914842747E-10 1.15137830270E-09
 63  28 -4.01774085142E-09 2.92361907954E-09
 63  29 1.85891977799E-10 2.08480055661E-09
 63  30 -3.38969251367E-09 -2.27319487981E-09
 63  31 -8.39426059679E-10 -1.64619521455E-09
 63  32 -1.79567462932E-09 2.46176880048E-09
 63  33 -4.56754551113E-09 -5.00039494134E-10
 63  34 1.44503634241E-09 -1.81547180804E-09
 63  35 2.54403585631E-09 7.06024902233E-10
 63  36 5.47662420889E-10 -2.87410509536E-09
 63  37 1.27402191828E-09 4.68706935937E-09
 63  38 3.98567841752E-10 -1.39609037746E-09
 63  39 7.55740940248E-10 1.60521678824E-09
 63  40 8.55632113051E-10 2.57008846341E-09
 63  41 -2.27190794970E-09 -1.01168365732E-09
 63  42 -2.60989370838E-10 3.07374962070E-10
 63  43 -4.59413092619E-09 2.90292831222E-09
 63  44 -6.66532828203E-09 -2.48516212233E-09
 63  45 -2.13918101329E-09 -2.93616863524E-09
 63  46 3.10023035748E-10 -9.93219714300E-10
 63  47 2.23260876120E-09 -1.06199908232E-09
 63  48 5.77103738401E-09 -1.66141662191E-09
 63  49 1.15879077421E-09 2.19039630221E-09
 63  50 8.01745944296E-11 1.39194165977E-09
 63  51 1.33134320356E-09 4.10408662176E-10
 63  52 -1.23729693773E-09 5.29634041035E-09
 63  53 -2.77068914768E-09 -1.02325243932E-10
 63  54 4.00851845763E-09 -3.97139234308E-09
 63  55 -6.75281686388E-09 1.20594134079E-10
 63  56 -6.71257955046E-12 -5.72047929224E-09
 63  57 -1.33508683800E-09 1.47700036159E-09
 63  58 8.43695126698E-10 -1.12868073110E-09
 63  59 1.28568220684E-09 -4.13530494791E-09
 63  60 3.50937997067E-09 -1.10201123137E-09
 63  61 -2.80180636796E-09 4.20279339499E-09
 63  62 -4.67509914354E-09 2.23124114357E-10
 63  63 -6.30771369746E-10 -1.76523876748E-10
 64   0 -3.73169621228E-09 0.0
 64   1 3.76376213548E-09 -5.07180055734E-10
 64   2 -9.24862842874E-10 3.19202677920E-09
 64   3 -1.72270494949E-09 -1.62119696086E-09
 64   4 -3.68668072276E-09 2.41834589704E-09
 64   5 -2.51488310983E-09 -2.94487537751E-09
 64   6 -2.01024929819E-09 -6.39724799361E-10
 64   7 -3.41586606618E-10 6.17262972614E-10
 64   8 -7.84716136810E-10 1.03154245061E-09
 64   9 -2.07689776845E-09 -2.88087764543E-09
 64  10 1.73326339943E-09 -2.83320535995E-10
 64  11 -3.35846603846E-09 -4.90343305614E-09
 64  12 2.54461671180E-09 2.00999167356E-09
 64  13 -4.04870106251E-10 3.49166719926E-10
 64  14 -1.08475772080E-09 -1.34098578078E-09
 64  15 -1.65459286344E-09 -9.73528542599E-10
 64  16 1.71443877312E-09 -1.75119041967E-09
 64  17 -1.42072942905E-09 -9.67144104235E-10
 64  18 2.21883045993E-10 2.57433234317E-09
 64  19 7.61917411362E-10 1.16159259563E-09
 64  20 -3.57024584070E-09 -2.01669668151E-09
 64  21 6.40338941823E-10 -3.45409876865E-10
 64  22 2.19732276428E-09 1.53596119755E-09
 64  23 -3.74339752252E-09 -4.24709371318E-10
 64  24 -3.97595261711E-09 -3.03420483296E-09
 64  25 8.46185574611E-10 6.48412688994E-10
 64  26 -1.14267224817E-09 -1.93150140378E-09
 64  27 -5.16453426420E-10 -2.43656363976E-09
 64  28 -1.23284404405E-09 4.01583362155E-09
 64  29 4.02684008899E-11 -3.00728871328E-09
 64  30 -2.92004796971E-09 1.02150517616E-09
 64  31 2.18474041911E-09 4.48655283674E-10
 64  32 8.75987820485E-10 2.52893755341E-09
 64  33 -1.87912322554E-09 1.71603401009E-10
 64  34 1.79621994755E-09 -1.31901490212E-09
 64  35 -6.33646126499E-09 1.13591245202E-09
 64  36 -9.96582328624E-10 -1.14185529689E-09
 64  37 1.66437720718E-09 1.81218712015E-10
 64  38 1.98963395542E-09 -1.97920702361E-09
 64  39 -9.12546024300E-11 -3.30817398171E-09
 64  40 4.43435618785E-09 1.13607461900E-09
 64  41 6.34456764915E-10 2.43348147864E-11
 64  42 1.71084432122E-09 -8.03950943000E-10
 64  43 8.10031367696E-10 1.44584750275E-09
 64  44 -4.67665458327E-09 2.16848162797E-09
 64  45 -1.18748463091E-09 -1.40730693063E-09
 64  46 2.16017450352E-09 4.72682080065E-10
 64  47 -2.68013474895E-09 3.37431149754E-10
 64  48 1.17426333143E-09 -2.71445739102E-09
 64  49 -2.79714312550E-10 2.20184368706E-09
 64  50 -5.77048712893E-09 -3.46186122046E-09
 64  51 1.43171268392E-10 4.34194817246E-10
 64  52 4.09697345325E-09 -4.74094979041E-09
 64  53 2.87099745370E-09 7.70846474676E-10
 64  54 1.08666921932E-10 -1.57408401726E-09
 64  55 1.82625588706E-09 2.51549344391E-09
 64  56 1.98086149943E-09 3.68123411897E-09
 64  57 -2.45549869317E-09 -4.62008838509E-10
 64  58 -9.88278030310E-11 -3.88970334422E-10
 64  59 -8.20562102321E-09 -3.89634437444E-10
 64  60 -3.57181043853E-10 1.29284413577E-09
 64  61 -4.16773169308E-09 -2.46899990294E-09
 64  62 -1.45313958770E-09 -9.37316345890E-10
 64  63 2.13192209173E-09 -5.20127627973E-09
 64  64 4.73473307973E-09 -1.22580782542E-09
 65   0 -4.49700157417E-10 0.0
 65   1 -2.58252024183E-09 -4.15450712677E-09
 65   2 -2.21042704340E-10 4.83397052848E-10
 65   3 -2.36678018155E-09 3.20183068444E-11
 65   4 5.21001681590E-10 -2.07353402035E-09
 65   5 -3.37318578285E-09 -9.80828952124E-10
 65   6 1.77113417665E-09 2.65458974323E-10
 65   7 -2.80195644682E-09 -3.81524978856E-10
 65   8 9.18508312373E-10 1.46877084573E-09
 65   9 4.09291433793E-10 1.70293430933E-09
 65  10 1.17202785935E-09 -1.82734012829E-09
 65  11 -3.45390399841E-09 -1.30446444472E-09
 65  12 8.78057582595E-11 1.53944173183E-09
 65  13 -8.39253328685E-10 1.37821378529E-09
 65  14 -6.79335041424E-09 -4.10228968157E-09
 65  15 1.04636810014E-09 1.28072126503E-09
 65  16 -2.22500917889E-09 -4.68241234575E-09
 65  17 -1.94176523451E-09 -3.21800497765E-09
 65  18 -1.57811301525E-09 -1.90047721940E-09
 65  19 -3.99314337913E-09 -2.07946712601E-10
 65  20 -3.09733922649E-09 -7.29286676998E-10
 65  21 2.13441992479E-09 -3.95401029335E-10
 65  22 2.78219752005E-09 -1.62660900267E-10
 65  23 9.79585870986E-10 4.18209996580E-09
 65  24 -1.33788962497E-09 1.08483179850E-10
 65  25 6.30777406339E-10 -2.71766913018E-09
 65  26 -3.13474520827E-09 -1.30761274631E-09
 65  27 -5.80708325406E-10 -2.86664407159E-09
 65  28 -5.43137361736E-11 5.12383601723E-10
 65  29 -9.94050537128E-10 -3.27026311337E-09
 65  30 4.88503726153E-09 -3.69337655843E-12
 65  31 1.34169586141E-09 8.23198480750E-11
 65  32 -1.00790417787E-09 1.34426957565E-09
 65  33 1.40894367868E-09 -3.26567943193E-10
 65  34 1.33546938004E-09 -1.88502484312E-09
 65  35 -2.33702467742E-09 3.52419338735E-09
 65  36 -1.71328973912E-09 -2.60753316393E-09
 65  37 4.69236054434E-09 -1.41853467166E-09
 65  38 -1.48717409763E-09 4.60043687618E-09
 65  39 -1.74820487580E-09 9.01873043733E-10
 65  40 -1.06693552129E-09 -1.33561086842E-10
 65  41 1.17477093691E-09 -1.43166580606E-09
 65  42 3.22470451029E-09 -4.06953175811E-09
 65  43 2.19284640134E-09 2.53498415372E-10
 65  44 1.63348352736E-09 1.98782810020E-09
 65  45 -1.74013929931E-09 1.60635944849E-09
 65  46 3.27076453121E-09 1.78940435427E-09
 65  47 8.71190196918E-10 2.43618421166E-09
 65  48 1.14717202955E-09 -6.14373757975E-10
 65  49 -2.82120730113E-10 1.61953979687E-09
 65  50 -5.97595871229E-09 1.05926972566E-09
 65  51 9.29243945476E-10 -2.83214662335E-09
 65  52 -6.92950682227E-10 1.75202265903E-09
 65  53 -4.45601414026E-09 -6.69013561037E-10
 65  54 2.57788799305E-09 1.56043265018E-09
 65  55 -3.08573779721E-09 4.28018701586E-09
 65  56 -1.22162660378E-09 -3.51405424115E-09
 65  57 -6.97477432819E-10 2.80824482607E-10
 65  58 -8.15095777111E-10 -9.49109002564E-10
 65  59 3.01627691047E-09 -2.22014114762E-09
 65  60 5.83758906400E-10 2.10135997859E-09
 65  61 -3.73468905093E-09 2.75880512570E-09
 65  62 9.54228600032E-10 5.20758598302E-10
 65  63 4.62760347650E-11 -3.55002565884E-09
 65  64 1.07004002420E-09 4.06400819266E-09
 65  65 4.39724757879E-10 2.07365336654E-09
 66   0 -2.46080003028E-10 0.0
 66   1 -1.28065746519E-09 -1.57412839904E-09
 66   2 2.34745365439E-09 -8.04093108405E-10
 66   3 1.64372527654E-09 -1.25663719403E-09
 66   4 1.49077004447E-10 -3.67316716915E-09
 66   5 5.59171551078E-09 4.14147390335E-09
 66   6 2.07017985399E-09 -2.55120536295E-09
 66   7 -8.12659019352E-10 2.61708049597E-09
 66   8 -8.19626488906E-10 6.57427903212E-10
 66   9 3.44914762848E-10 4.80665530774E-09
 66  10 -8.92356816687E-10 -4.17660342112E-09
 66  11 -7.34735206563E-10 6.45722272265E-10
 66  12 2.40361383606E-09 -4.39247384868E-09
 66  13 -3.80151814177E-09 2.08797347339E-09
 66  14 -3.71560143727E-09 -1.61013083285E-09
 66  15 2.03456172266E-09 -2.02940527474E-09
 66  16 -2.15299949683E-09 1.07601267969E-10
 66  17 -1.53344621600E-09 -8.01648652589E-10
 66  18 -9.23201640766E-10 -2.27991476957E-09
 66  19 -1.85878907062E-09 -2.02876213355E-09
 66  20 -1.35598488141E-09 -9.49723141818E-10
 66  21 -3.39054996066E-10 -2.28694857060E-09
 66  22 3.05070268661E-09 1.80845190814E-09
 66  23 3.26511997039E-09 2.68700808050E-09
 66  24 -4.22613583813E-10 3.66433428177E-10
 66  25 2.31776769093E-09 -1.26691797154E-09
 66  26 3.15505637998E-09 4.66754632974E-11
 66  27 3.08018810970E-09 -1.80875685191E-09
 66  28 8.88888507814E-10 -2.49407088085E-09
 66  29 -2.83888509233E-09 2.14250673403E-09
 66  30 3.59861088413E-09 -2.19173977704E-09
 66  31 -2.50452549834E-09 5.50589735090E-10
 66  32 -1.22830253830E-09 8.66202505229E-10
 66  33 1.62809319304E-10 -4.05313499364E-09
 66  34 1.01641044049E-10 1.61083907079E-09
 66  35 2.26749821285E-09 -2.59091286461E-10
 66  36 -1.74492944838E-09 -2.94892711725E-09
 66  37 5.37220534397E-10 2.10366324147E-09
 66  38 1.21673940800E-09 3.50806535047E-09
 66  39 -7.47245877963E-10 4.75757362048E-09
 66  40 -2.61488188830E-09 -3.05295489507E-09
 66  41 -1.34263034623E-09 3.51016861251E-09
 66  42 -4.07115980951E-09 -2.75323134714E-09
 66  43 -5.11700482594E-10 -1.95881197689E-09
 66  44 9.28105071860E-10 -4.17578472252E-09
 66  45 7.97009080411E-10 -6.18193319100E-10
 66  46 -3.02469342318E-10 -3.21816833857E-09
 66  47 4.43898274216E-09 -1.29092928467E-09
 66  48 4.32302925677E-09 8.72002315022E-10
 66  49 1.12563030670E-09 3.11853480981E-09
 66  50 -2.90736749125E-09 1.21990539613E-09
 66  51 -1.52977232346E-09 -2.22741147051E-09
 66  52 -1.94103187090E-09 -7.54379990197E-10
 66  53 -2.28531717671E-09 -4.79961192884E-09
 66  54 -9.90575278445E-10 -2.75065849164E-09
 66  55 -9.16359078237E-10 -2.59784718191E-09
 66  56 -1.48822320099E-09 5.37962756137E-10
 66  57 1.81191688288E-09 4.29611183844E-09
 66  58 -1.39216439838E-09 -1.19813455446E-09
 66  59 2.24314087244E-09 3.60067998522E-09
 66  60 -6.91709045474E-10 -3.15025079306E-09
 66  61 4.60170257846E-10 -2.06501520839E-10
 66  62 6.47779303293E-09 1.12238545137E-09
 66  63 1.73411427612E-09 4.57782363596E-09
 66  64 1.78967452006E-09 -1.57855506169E-09
 66  65 -2.45456112119E-09 4.44671335257E-09
 66  66 -3.47054036103E-09 -6.77678549560E-10
 67   0 -9.70600910807E-11 0.0
 67   1 -2.29081976138E-09 1.83069076028E-09
 67   2 -8.93767112479E-11 -4.45318961110E-09
 67   3 4.79528821744E-10 1.41611633919E-10
 67   4 -1.30101118030E-09 1.67087307670E-09
 67   5 1.27549289916E-09 2.83541771197E-09
 67   6 -8.56200869439E-10 2.99565427775E-11
 67   7 -4.16600419272E-09 -1.96562276560E-09
 67   8 2.42099295921E-09 -2.50333448071E-09
 67   9 2.94090279351E-09 3.24401108141E-09
 67  10 1.20334564166E-09 -8.11985361739E-11
 67  11 2.56182981127E-09 6.69856747840E-11
 67  12 -3.08184864088E-09 -1.67641150508E-09
 67  13 3.49595124999E-09 -1.97298991279E-09
 67  14 1.71807449095E-09 7.86238154089E-10
 67  15 1.63712062651E-09 -1.24369833755E-09
 67  16 6.43651337235E-10 1.38851723951E-09
 67  17 -2.12956795961E-09 -1.52672910521E-09
 67  18 -6.47845364648E-10 1.53480409772E-09
 67  19 -5.12794034098E-10 2.53182474384E-10
 67  20 3.20858111688E-09 -2.11272787851E-09
 67  21 -2.17998313799E-09 1.12446974143E-10
 67  22 -3.49742528914E-09 4.59811942642E-09
 67  23 3.40988426440E-09 -6.89624268719E-10
 67  24 2.27899679676E-09 -2.57735858851E-09
 67  25 3.87394808496E-09 5.15092550916E-10
 67  26 3.97718098592E-09 3.43669823837E-10
 67  27 1.55115582914E-09 5.41029455653E-10
 67  28 -1.29235783455E-09 -1.97556344252E-09
 67  29 -6.47188363153E-10 9.87198851228E-10
 67  30 1.25112028010E-09 -1.18881541506E-09
 67  31 -1.21695629788E-09 4.05088510438E-09
 67  32 -1.03723838016E-09 -2.78412570445E-09
 67  33 -1.66917319833E-09 3.90247938573E-10
 67  34 5.53318831088E-10 2.00120482971E-09
 67  35 -2.18415383088E-09 -2.19431098073E-09
 67  36 -2.12886983784E-09 -1.29816163047E-09
 67  37 -3.12214997990E-09 -7.40146127614E-10
 67  38 1.77793883256E-09 6.54974300427E-11
 67  39 -1.01847352521E-09 -5.00107072625E-10
 67  40 -6.00263408446E-10 -2.57662776533E-10
 67  41 -8.37215400184E-11 -2.17071138968E-09
 67  42 -7.13914481263E-10 2.24217183671E-09
 67  43 2.73853766349E-09 -2.31213529448E-09
 67  44 -5.88852767581E-10 4.98869264517E-10
 67  45 -1.68320299458E-09 1.84663341563E-09
 67  46 -3.50379312535E-09 -5.93655184371E-11
 67  47 -1.25936184153E-09 -2.59457961533E-09
 67  48 3.89025031566E-09 -2.92587160780E-09
 67  49 2.48429469418E-10 2.49247839939E-09
 67  50 1.54518367755E-09 -1.35102427225E-09
 67  51 5.42093470358E-09 -2.41251010782E-09
 67  52 5.63589634720E-09 1.18281309422E-09
 67  53 1.14286262595E-09 2.48345077696E-10
 67  54 9.70571114173E-10 -6.73506051992E-10
 67  55 7.94794713622E-11 8.45590167352E-09
 67  56 -4.30248334908E-09 -4.49145126159E-09
 67  57 2.64068400942E-09 -2.33006032025E-09
 67  58 -2.21100358212E-09 -1.77475108940E-09
 67  59 8.51075248646E-10 -3.06774474710E-09
 67  60 3.33062636434E-09 5.43503506050E-10
 67  61 3.24810670649E-09 -2.86230086602E-09
 67  62 4.60475441645E-09 -5.35741788057E-09
 67  63 1.61734805988E-09 6.07172241858E-09
 67  64 2.37434931475E-10 -2.52570973448E-09
 67  65 -9.28328734397E-10 1.64390058476E-10
 67  66 6.55002006029E-10 -9.09600278796E-10
 67  67 -9.50180598953E-10 3.01607088542E-09
 68   0 4.62286767400E-10 0.0
 68   1 2.14389674388E-10 2.89815535129E-09
 68   2 -2.37512902633E-09 -1.43646710250E-09
 68   3 -3.56686339804E-09 1.68884850602E-09
 68   4 1.99011722043E-09 -3.00148260597E-10
 68   5 -4.59846510744E-10 1.63949808477E-10
 68   6 1.19909005894E-09 9.93918144753E-10
 68   7 1.60259621356E-10 -4.62044972394E-09
 68   8 -2.49131338946E-09 1.13358666599E-09
 68   9 1.35011786475E-09 -1.02222266629E-09
 68  10 -9.07282679631E-10 1.98941003067E-09
 68  11 4.55131313295E-09 -2.82933353176E-09
 68  12 1.62386503597E-09 4.79842004824E-10
 68  13 1.30142879772E-09 -2.97295561864E-09
 68  14 -3.99914489776E-10 -6.06613397759E-10
 68  15 3.13432101427E-09 -4.46153095223E-10
 68  16 1.11243292176E-09 -3.49524061965E-09
 68  17 -1.64516717866E-09 -1.94954009834E-10
 68  18 -6.10468951990E-10 1.23462162270E-09
 68  19 5.76269396455E-09 5.90400376681E-10
 68  20 3.72514825591E-09 -1.01123073591E-09
 68  21 -2.12124079126E-09 2.80359226540E-09
 68  22 -2.91851474027E-09 -2.55665889195E-09
 68  23 -2.98926892706E-09 5.03312299296E-10
 68  24 2.80539054764E-09 9.92106952572E-10
 68  25 -5.34562711820E-10 2.82867766800E-09
 68  26 -1.29487951875E-09 7.84713085411E-10
 68  27 -1.45580303513E-09 -1.78251331664E-10
 68  28 8.56958052323E-10 4.74930598993E-12
 68  29 1.85693685103E-09 -2.13352830826E-09
 68  30 8.51586406583E-10 1.22243340175E-09
 68  31 8.09758005105E-10 3.21126059116E-11
 68  32 -3.74151227867E-09 1.38253707945E-09
 68  33 2.95585410206E-09 -5.08867565026E-10
 68  34 -1.15114079710E-09 2.52881006850E-09
 68  35 -2.47359448852E-09 -5.71905070760E-10
 68  36 3.83536051070E-09 2.18682851374E-09
 68  37 -4.44495964019E-09 3.21409235524E-09
 68  38 -2.92119501854E-09 -3.13656586965E-09
 68  39 -2.14645663214E-09 -1.32509636217E-10
 68  40 3.74676075468E-10 -1.15470256723E-09
 68  41 4.49796214496E-09 -5.19779580556E-09
 68  42 -1.68396305652E-09 2.22930554963E-09
 68  43 1.81911859588E-09 -1.47054826998E-09
 68  44 2.28359889578E-09 3.78535230123E-09
 68  45 -1.35348411074E-09 1.92824661180E-09
 68  46 -3.55990977948E-09 -3.04004180215E-10
 68  47 -1.69026318159E-09 -1.23079946240E-09
 68  48 -9.82869768453E-10 -4.99616501979E-10
 68  49 -1.39389634883E-10 2.20998144240E-09
 68  50 -2.95325598076E-09 1.67830147109E-10
 68  51 3.83992802073E-09 -1.95341587325E-09
 68  52 -1.62157993428E-09 7.31958896900E-10
 68  53 -2.18473305067E-09 9.88184535213E-11
 68  54 -1.22279421158E-09 -7.94633823961E-11
 68  55 2.38936265160E-10 -2.97714708723E-09
 68  56 2.51796520839E-09 -5.59608521466E-09
 68  57 3.24416409777E-09 8.57865506596E-10
 68  58 1.67555546432E-09 7.91667114823E-10
 68  59 5.94018393270E-09 4.24238464488E-09
 68  60 -2.00991284287E-09 1.76503569831E-09
 68  61 9.15003757775E-11 5.24523070638E-10
 68  62 3.34298236266E-09 1.49076627872E-09
 68  63 3.51331088148E-10 -4.69838516852E-09
 68  64 -3.59372319190E-09 -3.15514682170E-09
 68  65 2.57230439055E-09 -1.70007563881E-10
 68  66 7.64376811898E-10 -1.19675114041E-09
 68  67 3.97516337811E-09 -1.25148542112E-09
 68  68 -1.24227662661E-09 1.60834722967E-09
 69   0 9.63993353786E-10 0.0
 69   1 1.92526606206E-09 -2.81339132130E-09
 69   2 -2.89358270170E-09 1.76152264336E-09
 69   3 3.34285932041E-09 -2.86282518908E-09
 69   4 -1.69394355265E-09 3.11294310992E-10
 69   5 2.64612049350E-09 2.39401047688E-09
 69   6 1.77482192200E-09 3.01493117393E-09
 69   7 1.44494812935E-09 -5.17419313015E-10
 69   8 -1.32528306016E-09 2.54606090264E-09
 69   9 -1.49404008265E-09 5.89991830024E-10
 69  10 3.32081797198E-10 -2.02658661512E-10
 69  11 -1.43251299307E-09 2.61526439472E-09
 69  12 9.51227112014E-10 1.19590731260E-09
 69  13 3.15356229500E-10 -5.82253635242E-09
 69  14 9.33653438236E-10 1.25780802552E-09
 69  15 4.66883441717E-11 -4.27931736764E-09
 69  16 -2.65763987804E-09 -4.21789208734E-09
 69  17 1.12900714413E-09 -3.70550920353E-09
 69  18 -6.04412438452E-10 -1.45386268446E-09
 69  19 2.46582140419E-09 2.60052302148E-09
 69  20 4.02398095005E-09 -7.75925005443E-10
 69  21 -2.06255752376E-09 3.28241838767E-09
 69  22 -3.67140285211E-09 -1.25090935129E-09
 69  23 -1.36236915424E-09 1.27800489685E-09
 69  24 2.67335970380E-09 2.66280671010E-09
 69  25 -1.60703311015E-09 -9.06417794325E-10
 69  26 -5.27392627157E-09 3.35712999267E-09
 69  27 -2.75782645738E-09 -1.21186122033E-10
 69  28 -5.97967678210E-10 -1.83094536519E-10
 69  29 -7.96856441546E-10 -9.50794257622E-10
 69  30 -8.32913895383E-10 1.39518191574E-09
 69  31 -1.14925576425E-09 -1.33033646108E-09
 69  32 4.53032712519E-10 -5.86278587798E-10
 69  33 4.33790565334E-09 1.67292426470E-10
 69  34 -1.42850247379E-09 1.87004795004E-09
 69  35 -1.99678038855E-09 1.75746889352E-09
 69  36 3.12966485288E-09 1.23258762222E-09
 69  37 -1.54550507614E-09 5.79711088717E-09
 69  38 -3.80614320102E-09 -9.73592892592E-10
 69  39 -6.15275945642E-10 -3.80756590592E-10
 69  40 -7.19309221802E-10 -3.99138103532E-09
 69  41 -1.24977041744E-09 -6.70895165055E-10
 69  42 -2.43832760013E-09 2.04630503984E-09
 69  43 -9.13698487452E-10 4.52883310127E-10
 69  44 1.89469835595E-09 -1.97186470672E-09
 69  45 1.65118718058E-09 6.09100767657E-10
 69  46 -6.48395738790E-10 -1.65450131078E-09
 69  47 1.21404097320E-09 1.65572510960E-09
 69  48 -3.41539585753E-10 9.17817197774E-10
 69  49 2.63575298368E-09 1.40568990624E-09
 69  50 -3.22601530758E-10 -7.63088616880E-10
 69  51 1.20621592065E-09 -1.51579359894E-09
 69  52 -2.24673502188E-09 5.54730952319E-10
 69  53 -3.10720876998E-09 -4.16122536750E-09
 69  54 2.93359257365E-09 -3.22442493457E-09
 69  55 2.93178903783E-09 -2.09539406352E-09
 69  56 -9.53111140964E-10 -1.55097658547E-09
 69  57 2.74503342320E-09 -1.13045216393E-09
 69  58 -3.19656528832E-09 2.19720503411E-09
 69  59 -1.67298931099E-09 -5.01099598366E-09
 69  60 -1.98562528429E-10 -1.29846121033E-09
 69  61 2.55087831644E-09 -4.69351095909E-09
 69  62 -6.22321590980E-10 -2.68462163107E-12
 69  63 2.33873714770E-09 1.97286260850E-09
 69  64 -3.52429015789E-09 2.87520786627E-09
 69  65 1.70812150970E-09 -8.33404969847E-10
 69  66 -8.31341739423E-09 7.93134556226E-10
 69  67 3.44107294401E-10 3.26994561866E-09
 69  68 -8.85030034956E-10 1.66551866504E-09
 69  69 1.70476744606E-09 -2.26235749288E-09
 70   0 -1.71482882924E-09 0.0
 70   1 -3.38928907067E-10 -2.88456331103E-09
 70   2 1.21603976762E-09 1.28705040570E-09
 70   3 1.48336168294E-09 -5.76144683588E-10
 70   4 2.17979853929E-09 2.18513828706E-09
 70   5 3.84014508872E-11 2.84702883631E-09
 70   6 -1.27905563633E-09 2.67940253701E-10
 70   7 -3.08665924605E-10 1.53919081163E-09
 70   8 2.52323197847E-09 -6.70150204256E-10
 70   9 -3.50491149039E-10 -7.66123521311E-10
 70  10 -3.93137957749E-10 -7.77999857261E-10
 70  11 -1.60762349700E-09 3.57436902821E-09
 70  12 7.29456777131E-10 1.81327042928E-09
 70  13 1.52921431659E-09 -9.08141016609E-10
 70  14 3.11544958374E-09 1.75752396627E-10
 70  15 -1.88823189190E-09 1.72257715142E-09
 70  16 -9.29141700559E-10 -6.55653978482E-10
 70  17 5.56236170485E-10 -6.28514435912E-12
 70  18 -3.43063253068E-09 -1.75414855846E-10
 70  19 4.90184567036E-10 -1.46152045815E-09
 70  20 -3.88744196496E-09 4.90515540198E-10
 70  21 1.49473382970E-09 -1.15148223093E-09
 70  22 -1.47552070820E-09 -1.16290590830E-09
 70  23 1.34163029601E-09 -9.37018449968E-10
 70  24 -1.35492495877E-09 2.05807598960E-09
 70  25 -1.18306589565E-09 -7.65844602451E-10
 70  26 -2.37013864226E-09 1.20108315983E-09
 70  27 -1.43529853423E-09 -5.59311641806E-10
 70  28 -2.05168494367E-09 1.47074923010E-09
 70  29 8.77126580660E-10 2.47071775335E-09
 70  30 6.97060334644E-10 1.12187714868E-09
 70  31 -1.86493588630E-09 -1.64032595079E-09
 70  32 -7.24413367948E-10 -3.03848768417E-10
 70  33 -3.68285551517E-10 1.95832177686E-10
 70  34 1.67984584850E-09 7.73871270488E-10
 70  35 -5.13445081164E-09 -3.23774327400E-09
 70  36 1.47021864039E-09 -9.60525481357E-10
 70  37 -2.48993292727E-09 1.71706585516E-09
 70  38 -9.19590434285E-10 -2.16822987322E-09
 70  39 3.77157596281E-09 -2.51912367651E-09
 70  40 -1.89559561315E-09 6.18448239263E-10
 70  41 3.95017120086E-09 1.12752456480E-09
 70  42 -1.03691130162E-09 1.60153939732E-09
 70  43 -2.80832451521E-09 -1.68977517117E-09
 70  44 1.07181018831E-09 1.13996612143E-10
 70  45 -1.56477184271E-09 2.94803771873E-09
 70  46 -2.39645581194E-09 -1.35792029683E-09
 70  47 -2.90231881102E-11 -2.44277059227E-09
 70  48 1.36615152338E-09 -2.97077558552E-09
 70  49 4.65601351010E-10 -5.53665111283E-10
 70  50 5.46237634132E-09 3.19942965724E-10
 70  51 1.39550464898E-09 2.60046110695E-09
 70  52 -2.84537646237E-10 3.67154593291E-09
 70  53 -3.55081182197E-09 4.39207589998E-10
 70  54 2.56776114205E-09 2.34322445827E-09
 70  55 -2.24518440142E-09 2.26909500111E-09
 70  56 2.52200475493E-09 2.48728106737E-09
 70  57 3.19542241540E-10 -1.49352336318E-09
 70  58 -2.90160070799E-09 -2.88470834933E-09
 70  59 5.61008849453E-09 -2.43866394761E-09
 70  60 -8.19756085699E-10 3.66291140634E-09
 70  61 1.09976091083E-09 -1.99501732281E-09
 70  62 1.43884022365E-09 2.20176786716E-09
 70  63 -2.92835943703E-09 1.74427149136E-09
 70  64 -2.06939325906E-09 1.50580174247E-09
 70  65 1.01927742435E-09 1.77562303694E-09
 70  66 -2.01747264436E-09 1.99936625532E-09
 70  67 9.15317043771E-10 -3.61346894585E-10
 70  68 -3.18317122673E-09 1.84447016699E-09
 70  69 -2.20353040552E-09 9.94013069152E-10
 70  70 -4.70375138826E-10 -6.48306137833E-10
